feature_1,feature_2,feature_3,feature_4,feature_5,target
-0.4396428058697157,0.5425473394554947,-0.8224199323822006,0.4013662194950618,-0.8548399955403814,0
-1.3202678528722562,-0.4516563076265143,-1.1476913898156673,0.21799084449395506,2.515568934782825,0
-0.9024140878712705,-0.30179018730623547,-2.0841129394985884,0.15228214742845858,1.7025087203324434,0
-1.658182694940721,1.183084674250011,1.1126883749899252,1.104252633106889,-1.1157654154031131,0
-1.598710550305343,0.16926782973781607,-0.9266983088473107,0.6037634129992002,1.2968450192894891,0
0.07711125122009355,0.23716015701485432,0.5844129804724842,0.08727540146228066,-0.6617528334999462,0
-0.3887539456874972,0.5633653763770502,0.014273067836434106,0.3945814572651748,-0.9601279732339767,0
-1.962737800432036,1.378155512058155,-1.77623523289832,1.2965241019826645,-1.2664141154899298,0
-1.0477301826140597,0.8741529914894339,-0.9175028210142636,0.7578011873495216,-1.014258221322232,0
0.7630163497303595,-0.1583698190010736,0.8868873900973003,-0.32496838211140233,-0.42944873488237856,0
-1.187021654300862,0.08951398635919677,2.6930336639804966,0.4311274643336185,1.0512233313709707,0
-1.4375801371069905,1.137971625340907,-1.1808128153088449,1.0106181953763342,-1.241575123752939,0
-0.923664551553009,1.1048266576671435,0.8451579711843216,0.8266251215608544,-1.7103990647506344,0
-1.0148491666630783,0.8318034163425756,-0.8082657216409264,0.7269420017465905,-0.945995670719789,0
-2.271846693084839,1.4709737567876306,-1.2932729578711637,1.4417716914443954,-1.1624407588324221,0
1.2467003077679448,-1.1279246291707188,-0.21220896990115168,-0.9433531028934258,1.4212361786618546,1
-1.129827422616004,-0.007973197240418839,0.39379729821625153,0.36614695054309826,1.228148736979314,0
-2.142140425136745,1.528581385778509,-0.8696630812746944,1.426635639918471,-1.441904594052713,0
-0.8761951013831439,0.7346669903580927,-1.1894118928673278,0.635456198281824,-0.8570716297806176,1
0.8972893819594918,-0.16940134247326055,0.6504500925361392,-0.37416630547351093,-0.5461478990412074,0
-0.7749056865043622,-0.13211622295603626,0.46667098196608103,0.19103685262810788,1.1516757343342099,0
-0.5075880751950992,0.6142843024335216,1.6614701657280182,0.4576493749133522,-0.9573695438811127,0
-1.3825004275456174,-0.335939830452597,0.46926758980852623,0.29327011316180096,2.2995086961218822,0
-1.152114153129646,0.9403901395000094,-1.0196643386921156,0.8234057124884584,-1.0643729144754241,0
-1.0696565175358983,-0.4338757931802179,-0.370508098590029,0.144371439661509,2.2040396196799588,0
-1.4129271096218659,1.0357567368462857,1.0176614668435024,0.954049262803732,-1.0182902209478222,0
0.3003478151877199,0.13242164173677493,1.2038844371688162,-0.03551143700431858,-0.6447460294687366,0
-1.9851268846989991,1.3367878973603151,-1.0917008761393143,1.2842274441743606,-1.1414227724746668,0
0.7333451470287515,-0.612212027827626,-0.9519184600222356,-0.5305839068528373,0.7107961366555511,1
-1.3580618573630545,0.3889260318657467,-2.219300372747535,0.6291891221424294,0.5028902813014561,0
-0.9237490127132734,0.3401715316780903,1.6259589153620633,0.4638535890934201,0.1573503484016182,0
0.8266262787930695,0.11254984403294377,-1.3510743662080213,-0.2172547802390395,-1.1592151378234585,1
-0.9078600962478692,0.8367725969228628,0.7153813154412441,0.6942691505268852,-1.0725883038097368,0
-1.0335947989308614,0.5535885927812394,-0.5164296438875717,0.6010775886071406,-0.2464061707286902,0
-2.576954461376458,1.7181133123910235,0.1973157074055956,1.6589287002746902,-1.439675315839857,0
-2.408868678621902,1.5988776231765007,1.0473177066214483,1.5473210733416938,-1.3282598039879159,0
-0.7755833690612138,0.8268500202982381,0.6227112239002686,0.6462510128420972,-1.189860434036396,0
-1.1743602806839406,0.9615281523269659,-2.438817158276429,0.8407187424581263,-1.092203593543738,0
-1.5886514701453236,1.2212924340822804,0.40865281148067084,1.099614706443342,-1.2834708923521607,0
1.5731580583831644,-1.3844712367800618,-0.12270893359572414,-1.1719638386507174,1.6986073972551694,1
-0.4450183091822124,-0.7589166546358013,-2.246889333984605,-0.21436788986455316,2.329717580598092,0
-0.5744190807975917,0.5817057832965808,-0.9242331442683044,0.4640740477209018,-0.8063020642103571,0
-0.5950854670554797,0.2647773406818383,-1.167779551267935,0.32047042089947575,-0.010100314010070388,0
-1.6699586644808813,0.4362700195335105,-0.8476339286190848,0.7537737646019192,0.7209163251927044,0
-0.7665514904033897,0.14098701819801834,0.241321934916781,0.31787839910414484,0.47568782016874,0
-0.7855167500271911,-0.08684145746942956,0.45838670355148425,0.2159922636767377,1.052444350449343,0
-0.08650981979192762,0.3167853510675812,0.34767648353833636,0.17862754227617283,-0.6811965743877049,0
-0.09154666780661147,0.3378817964449071,-0.1891203907770335,0.1902861599451005,-0.7273359834485558,0
-0.22406308810492215,0.4708657546863747,1.192507512477975,0.29677062884463273,-0.9103830729347547,0
-1.3788127532463552,0.7696163862632616,0.45768658605355206,0.8166062155431749,-0.40474135745700845,0
-0.4160566183605402,0.5248041285694088,1.1243533598705027,0.3852251267208787,-0.836734649267375,0
-0.7036058022220977,0.3406347513660414,0.015618333949603047,0.3919937225968318,-0.07928733147574074,0
-1.065364504663962,-0.30182448673714707,-0.6039806259692295,0.2056193628688427,1.8769146802704584,0
-0.9472872452206812,0.03453851984013212,0.09175248444837286,0.3265495104333745,0.9290354355550167,0
-0.5796561835303944,0.049759191224973104,0.3676492929914216,0.21340077120558598,0.49857235640204245,0
-1.5276061954747506,1.1521192024393674,-0.1314725956716678,1.0468071494818088,-1.1798216983050196,0
2.7853136257620967,-0.507269208267475,-1.2565068942792563,-1.1526514512640187,-1.740693708282776,1
-0.6653597477124392,0.6547697615274277,2.7596600389110777,0.5285160106804561,-0.8874726582067207,0
-1.6919731223384131,0.4508916756334456,0.4200944904518413,0.76791918248742,0.7087539157890713,0
-1.5198776624767634,0.7732436068504338,0.02390304328495547,0.8645148918504952,-0.26269143137036033,0
-0.7802384651889086,-0.2902133450771891,-1.2585049106753345,0.1177719697467644,1.5435305982680538,0
-1.6474814772245419,1.2661188911977432,-1.5311075025557221,1.1401453371033003,-1.330023306388302,0
-0.9690886024644044,0.8393212135722117,0.4822489526806572,0.7155259068339475,-1.013311823126282,0
0.656203460639147,-0.6189553811694145,-0.41360553342164424,-0.5085255105498636,0.8097918273664589,1
-1.205785328536147,0.17142546620449028,0.681359510442948,0.47613491574923994,0.8712288581792551,0
-1.6689195927541498,0.4274282861480935,-1.151014083619507,0.7492384906440153,0.7414005456969796,0
-1.0783635122864252,-0.0630645563543526,0.29562448874709507,0.32315784150628385,1.30765317743278,0
-1.8257068786809034,1.3427789132139325,-0.5482872964906009,1.234872392351569,-1.3266011395095396,0
0.09076439117403945,0.5970160032500273,-0.8254105299789551,0.25354270407334917,-1.5553014671726297,1
-1.0195357899482316,0.05028950188879472,-0.7341737987784958,0.3576784756841957,0.967854420508534,0
1.180678340493937,-0.01098347363531238,0.02538842054241018,-0.3917908451405735,-1.2362469774398837,1
-0.35109007974900797,0.17777409213655335,0.34980002456790754,0.19930139079359704,-0.058619154345833646,0
-0.6720139361367383,-0.10112644387162156,0.820344012612456,0.17205131689981293,0.9659114250742831,0
-1.8373382189576453,0.30834648125251046,-0.4081008391602206,0.7478826940378135,1.2124281290907604,0
1.2133734875309548,-0.15399780863167306,-0.7632861041785816,-0.4703506957637045,-0.9219133704571894,1
-1.2217076521647443,-0.22000399776654644,0.8970661968871322,0.29563013644386615,1.8443231378056928,0
-1.4504726874821732,1.0450849123267734,-0.9218598131253132,0.9707683539819918,-1.000908395514325,0
-0.5952817998709217,0.6414651204593527,-0.08343796979036086,0.49925843964655603,-0.9299447199144997,0
0.04600753665828883,0.27621630105598344,1.1941094030473725,0.11599005490108635,-0.7238725597195972,0
-0.7805385472252375,0.07830084819699884,-0.039307287627631186,0.2927159085900736,0.6437610484147238,0
-1.5563386442675387,1.0359936837523467,0.02246589281204638,1.0011177216912066,-0.8654492119606938,0
-1.131598819011737,0.36889654564929875,0.39792704994680894,0.545537013592908,0.3095448708374805,0
-0.7209699876549354,0.7858058202734457,0.849102110743144,0.6088955308133845,-1.1480352381559276,0
-0.7408752776060394,0.24845351041739086,-0.5057467042619367,0.3604601325622143,0.18573440095004579,0
-1.4226197276104604,1.1283380252968158,-0.5089636257074988,1.0011490644719225,-1.2340496420189209,0
-1.3939645633088782,0.07042740025406113,0.058022734808395225,0.4898292020200336,1.3192268070909297,0
0.0003639631698897361,0.19862837225752616,-0.9980606273144129,0.09412228598136399,-0.48553628207578237,0
-0.5904461897040771,0.6450542598345723,0.32674476460232005,0.49937806370620286,-0.9438842121032424,0
0.8638347680672003,-0.1372245902920572,0.7307641190665245,-0.34794592127222584,-0.5889498496232964,0
-0.6400878469115749,0.655064277580379,0.501782736167545,0.5203811804587506,-0.9152275520474633,0
-1.3244107752638405,1.0578322828693953,-0.684629825760004,0.9355410913563176,-1.1669030167609262,0
-0.7248314606232975,0.7152197466013521,-0.06717829004935526,0.5766695074892834,-0.9714988243942362,0
-0.23542304735973496,0.41962906000720246,-1.2392583948534726,0.27618030156723605,-0.7730854561081432,0
-0.07835578106684737,0.3183545460483833,-0.5827586576115821,0.17670225585005966,-0.6937523923257333,0
-1.273971907961593,0.9742021203768789,-1.3526702858435344,0.8793470487355484,-1.016596385499104,0
-0.7309448849904976,0.2668032211157328,0.46320629209912306,0.36591493305516426,0.13029209697270705,0
-1.1262734523936861,0.5424193585284387,-0.4500128579958137,0.6261232150568993,-0.11997908977027749,0
0.27396389098576934,0.955493885428732,-0.6122367345077503,0.3636430726649748,-2.626862879673275,1
0.2926030731647018,0.17179820285621258,-0.4501892648514116,-0.014292990688204332,-0.7326374872488117,0
-0.7735804112220235,0.0037768528896503506,0.6295295842218108,0.25507892037038965,0.8183411051970356,0
0.4517931194877054,0.1450116297213221,0.6934789119139937,-0.07912444286350487,-0.8375110606374065,0
-1.074747483365543,0.40464987380801387,-0.38502181171286365,0.5438862241646348,0.16139908407559322,0
-0.960105665199205,-0.05761903385847933,0.18142662011397137,0.28702135494671427,1.1678418990279456,0
-0.8441081044327339,-0.35206298218490867,-0.5482687949250771,0.10933901749900621,1.7629243288899206,0
-0.9087530445757628,0.12007878774773911,-0.5574230531083212,0.3545181180534661,0.6788811972599824,0
-1.6756067440107647,0.13435673261086079,-0.4173668136050844,0.6123769282383844,1.4643773909617706,0
-1.3456648338110606,-0.03796263308578218,1.230874513154735,0.42258796138498095,1.5322974849918807,0
-1.1338906253518313,0.8379354570365307,-1.6431888111541673,0.768828164182036,-0.8336241252841264,0
-1.370085159458374,-0.3704598539090155,-0.18452535765584954,0.272826674318937,2.370541664545275,0
-1.041849105036455,0.023287843932458085,-1.876552706041874,0.3521730984499347,1.0576760656314912,0
-0.6146000380245674,0.631813319212876,-0.26451484131061076,0.5010042432689366,-0.8857039416185574,0
-0.4463980032494711,0.5827601812415373,0.0005279588565972928,0.4226574502292354,-0.9458326583932422,0
-1.0411025087047472,0.8716272016640148,0.2658782296520485,0.7544327543661171,-1.0151792135118871,0
-0.9604555746521326,0.019605489149089383,1.5781180575621845,0.323775962541351,0.9795964498067011,0
-0.03333659961008362,0.3097777101994313,-0.43676423723821745,0.1578926267882051,-0.7209645154338422,0
-0.8219286979264323,0.7407654477794345,-0.10322175293249623,0.6205816860479064,-0.9300204987578736,0
-0.26328859627829215,-0.08414626457765671,0.8902475008365087,0.046282240836021046,0.487188662287973,0
-0.5307371593381748,0.5770140367501033,-0.29396694766418224,0.4475455906151212,-0.8415728786838552,0
0.9720723015337207,-0.24713974403617797,0.8691560643892732,-0.43553570514120765,-0.4362747510814894,1
-0.4069217932065444,-0.14032010808087012,-0.1344967844017327,0.0666585455680049,0.7780493402488564,0
-1.1216761941336244,0.6659416576186394,0.8539759765522237,0.6832245112817019,-0.42659859983889614,0
-0.8709609446138056,-0.10888968915157743,-0.5923559556520536,0.23350750974309198,1.1977038971988485,0
1.1686485415245338,0.01932787817462267,2.3638724946193608,-0.3734704686100941,-1.2974126961171988,1
-1.6956463572022686,0.36973921490636297,2.98525900260341,0.7306181852813928,0.9108972021046016,0
-1.1282952479165813,0.22501106219633477,1.7586204841951334,0.47618727419268836,0.6574489615043173,0
-1.0051681009845643,0.8398948584493635,-0.35976864578908574,0.7276112868668643,-0.9761155757729613,0
-1.048346906991923,0.23572931191042004,0.6683404887180808,0.45509585261287766,0.5457421224256729,0
-0.07661433677548657,0.3316434652952923,-2.1533429198712444,0.1824371458833416,-0.7280733587898363,0
-1.4313109143200164,0.20497469035212534,0.7579218499236196,0.5658946731128739,1.0305496305202582,0
-0.9583403634111494,-0.04623723780639849,-2.7475048427252347,0.2918435775647045,1.1381535308819328,0
-3.1503248055942588,2.02670442235852,-2.6042138566271342,1.9930770539598126,-1.5800206750222312,0
-0.7387311947168888,0.5411973786770694,-0.39247110606087293,0.49865371981609485,-0.5315819637864339,0
-0.5631786828551517,-0.2849230989020547,-0.18689615816198485,0.04921192105604666,1.2984015865343919,0
-2.111879848850791,1.4799882388669103,-0.573601772896901,1.3936721103744465,-1.355588898518359,0
-1.0247116694844207,-0.18585845705702098,0.3278795241593574,0.2473301271112054,1.5501794730317044,0
-0.054035163760081883,-0.6919224921172203,-0.6355578414044034,-0.310598093530844,1.7478167521277448,0
1.6794108423746419,-1.1669767004821137,-0.3871306497895146,-1.1035605789700205,1.0537123338454109,1
0.9239000327237596,0.15918792791563502,-0.20931381957936157,-0.22697634904562947,-1.377190146941394,1
-2.759929159137869,1.8310768919329674,-0.5132135664715852,1.7724354071887019,-1.5198433279278174,0
-1.4036870390425629,-0.8165651927901464,-0.8953463223630241,0.0721689827443871,3.4960943291669007,0
-1.054678669130845,0.8285421594063962,0.5345056484805503,0.7384357020338569,-0.895421027050532,0
-1.4887473518959222,0.42175223820136487,-0.4911537471421047,0.6875531394399688,0.5625183485766398,0
2.3418848371002996,-1.0344614322853818,-1.3386057997232488,-1.2575955336307494,0.021339862667873577,1
-1.1064475368146276,0.24652056543788414,0.6686548047579066,0.4792392859339414,0.5815399215749062,1
-0.45206243872520246,-0.7451270215993681,0.38680852068920263,-0.20551884376336202,2.303572317756946,0
-0.7680893211834914,-0.41384386588988836,1.0715431522348857,0.055136192381315674,1.8324993603777489,0
-0.38232874141229045,0.5055528389994582,0.5514762752395233,0.36504790075846116,-0.8257952868692626,0
-0.7061166482076024,0.6513128613530821,-0.6475418056351592,0.5402205360056824,-0.8354280407157579,0
-0.5487842680382258,0.5800188495481378,1.0971527117536957,0.45488027123251545,-0.8296055340185168,0
2.2304912983992695,-0.040533157029975175,-0.2789629303318085,-0.7495424810365645,-2.2871482146382,1
0.8873852174650597,-0.8239420555586214,-0.09363618873917084,-0.681477638556377,1.0631536450023034,1
-1.8655534753132348,0.15792640995406582,1.0450884740847535,0.6857524917569948,1.6100112773413118,0
-1.2319499957412117,0.23233093858751624,-0.1590452104000513,0.5135990768022849,0.7504587372653623,0
-0.6845494759333757,0.12953470960308416,1.5730197252148563,0.28559549076020263,0.4159352556993925,0
-0.31807800211105774,0.4016516613403463,0.17682087213939798,0.2947137425204692,-0.6407527515721062,0
-0.1762888078364515,0.4006817221349499,-0.5466800845872654,0.24782869653870532,-0.7900678793901452,0
-0.9869389801249787,-0.048642934759070444,0.9553005582377528,0.3000659730765081,1.174623829803211,0
0.23144193715187011,-0.20141611406336957,1.32579664754219,-0.1713432243413902,0.24436243836809668,1
-0.8234067531806701,-0.34714719358406093,0.6220699903060487,0.10489329851547519,1.7287715568502398,0
-1.4136062056917957,0.9959747342010041,-0.6163614080394775,0.9353965969174344,-0.9203967684011801,0
0.19000424293775575,0.1525223868516734,-1.6009039784765156,0.010154457605838219,-0.5757977250214588,0
0.37526452122897824,0.1272104450757617,-1.148794035158656,-0.06251329675254266,-0.7121626508167435,0
-0.8119873276525049,0.7127095661043157,-0.32789471651291785,0.6040152392823288,-0.872129559996768,0
-2.0175645965599127,1.3828366645131336,-0.17585440443207118,1.3166966055042062,-1.2191947867205628,0
0.6344438984532108,0.03401260567529085,-0.8671302157109003,-0.19159298640765293,-0.7617949228514992,0
-2.007050585031097,1.4695584037498945,0.8903831635197862,1.3544001910951318,-1.4422591267434806,0
-1.2574740009882792,-0.2664946176601284,-1.1119670257741636,0.28528281706597325,1.9961381660578996,0
-0.9707126411801372,0.8089209434877755,1.9956674897839644,0.7016339036650473,-0.9373222292761327,0
-1.917685812924665,1.4461301497755692,2.0895387216947734,1.3140244353419221,-1.4806371982631976,0
-2.7729944286945525,1.7890491072887,-0.13427916218630415,1.7567727058546097,-1.4032140220997635,0
0.25161795502522777,0.1997959205554709,-1.2207124259141586,0.012410253695871315,-0.7571761736279676,0
-1.4439442270316838,0.16083959718235186,1.2289805024890619,0.5490907036426356,1.1518639051902262,0
-4.543441462057407,2.7721936082126337,-0.01208894784605456,2.802919256241618,-1.9105295703059595,0
-1.8256463596674741,-0.03005577006867588,1.341475915530881,0.5834957890923341,2.0264629258709395,0
-0.4363551854855485,-0.22109590642869753,-1.5171736966716791,0.03797069247733076,1.0068305072350106,0
-1.1801182205256275,0.9348471996674931,0.15175799224874037,0.8299449396862423,-1.0208759862462062,0
-2.081071859289202,1.4411844206669135,0.8297324178791745,1.3651740025146057,-1.2937691118431518,0
-1.0340172078912282,-0.6503218891002457,-0.9254246260595873,0.030007085318000004,2.694579612040401,0
-0.5869700123450626,0.5780426716591822,-0.9539394193966448,0.46644548970626887,-0.7839281478609479,0
-1.3836289967607778,0.9446843657051724,-0.4430440211284823,0.9012461209881499,-0.8271900056374717,0
0.06335163695010881,0.1933801237416351,1.1173988159024608,0.07100866961486427,-0.5401008850832462,0
2.2151740189700346,0.23810999735689053,0.6929186230316111,-0.6123219078644975,-2.9513438575181943,1
-1.278715331086755,1.0415356652838519,0.6031874310823431,0.9128473023716409,-1.175983141759193,0
-1.078967786897164,0.4574328345789691,-0.09546424708907303,0.5703115095608837,0.036992292215241696,0
-0.8769868709979454,-0.2801986566931376,-1.1300693390403578,0.15420107040183023,1.6225700221710002,0
-0.13570934077138297,0.37489520976681123,0.8508979621679722,0.22230740221561335,-0.7704960698569052,0
-0.5745198843592463,0.6086003113532168,0.5006657213812097,0.4768674629785803,-0.871883720711281,0
0.468923840873545,0.03260807508305971,0.5646059258936003,-0.13806453653990136,-0.5812932257046802,0
-1.1710337216518178,0.33570408821263625,-0.08059974929676088,0.5427003201289611,0.43280390009033465,0
1.5933583347537281,-0.5868839656093552,0.03279699541158651,-0.8001536339108424,-0.27109793399477056,0
-0.6947894496050705,0.6589844902835789,-0.13944627568099954,0.5401516565574115,-0.8662835692355215,0
-0.7580067863061685,0.09613555118781314,-0.7699960661974573,0.2938003975049805,0.5760958674358209,0
-1.216082692020034,0.969347064969228,0.1600182258527877,0.8580893325591087,-1.066667094728789,0
1.0666990578505962,-0.3392717398125065,0.6793732829565033,-0.5102316079001579,-0.31247413003049396,0
-1.0586848392313222,-0.561060469005279,0.4794415180860639,0.08043488137761956,2.50294899098555,0
0.8178466379900913,-0.1756191299598964,-1.6076610271180587,-0.3511051325685816,-0.44597425458052364,0
-0.1383025666421721,-0.5582372936537118,-0.19469729611668168,-0.2195786847255945,1.5114407378000942,0
-0.6064612441290552,0.7041623264797183,0.2502002062516945,0.5326662228373107,-1.0711221160424511,0
-1.5900074025871742,0.18726625350959236,1.090980425185967,0.6094533679867509,1.2435736187710686,0
-0.25171859621292303,0.4378728615953136,0.20965941527462578,0.29017179249733926,-0.8002129159765416,0
-0.04918799331004853,0.07668757640233159,0.33417641724489744,0.05249049172255699,-0.13468763372920378,1
-1.115403202503533,0.16397727820226432,-0.19050310599781134,0.4430079775668911,0.7927313555627493,0
-0.9509918782436594,0.15470298906997976,-0.46580556911816284,0.3847758653609694,0.6394986288784439,0
0.06647515848329055,0.04091466642926373,0.1998104337187135,-0.0023529823396432267,-0.17104771805273833,1
0.8433695093624851,-0.1615432246928348,0.39241596717876703,-0.35278340154898435,-0.5076584767190596,0
0.6477832978775611,0.7543754518516461,-0.5495571359085801,0.14582362459398468,-2.535541041091896,1
-1.0939316474730107,0.9314206423515521,-0.4367197360405955,0.800099823962776,-1.1047079168408083,0
-0.4795534580991122,0.22676023395427303,-0.5647740041709423,0.2646051015572677,-0.04083868544248337,0
-1.899653288682118,1.3811403646270959,0.6955377575657775,1.2772850657726051,-1.3411915444864517,0
-1.1194194037687266,0.3506051385185117,0.9681846605328611,0.5328706468083132,0.34119199142976475,1
-1.5719934324421112,1.1583432282338046,-1.496529255090079,1.0642935491798449,-1.1475389165466874,0
-1.8327674880457028,0.11616140969989641,0.17521141890851205,0.6552017787031054,1.676947672663707,0
-0.9805954084512357,0.18622613892572962,2.088442772869925,0.40942521256737996,0.5941732545005254,0
-0.9460259180291346,-0.4167051885889812,-2.529560077694303,0.11203889430301339,2.029842299340718,0
-2.326738601553692,1.604881360063667,-1.2995812369275976,1.5232784507805177,-1.4307855060953565,0
-1.2103046383610165,-0.08775830263662965,0.9218015019772522,0.35464199410665737,1.5091161528260724,0
-0.14555595292141377,0.3451534115344756,-1.252393444413119,0.21142006669177354,-0.6873183844884341,0
-1.3817241051742943,0.27762666802002167,0.8691545924968965,0.5841294241468201,0.8000509209909388,0
-0.813498338909751,0.02517320836039111,-0.23052462518025083,0.27830065330042475,0.8087844842195568,0
-0.9258860732541111,-0.04544436867607027,1.4033699701251907,0.28159352699378704,1.1014977924697456,0
0.27009851469374935,0.12090951426896006,-0.4070363129267805,-0.031069219866376646,-0.5842675265498494,0
-0.8789985022011263,0.4577322069425829,1.0964692338108837,0.504979283300406,-0.17766339601143555,0
-0.03100730842597943,0.320887209895936,-0.5240883979345925,0.1624009930303796,-0.7505911520186774,0
-0.47796871243665073,0.5744681954403104,-0.7584953347000695,0.42906015741188935,-0.8918056793947319,0
0.3834070857675771,-0.236775478043636,-1.8206033005485172,-0.2378765454282315,0.16815688158741204,0
-0.8561067395854534,-0.4156964876788563,-1.3776175007542373,0.08307600081135075,1.9311842233411438,0
-2.1494709706326964,1.4527689580198204,-0.07595102364252276,1.3930657637164443,-1.248891718662567,0
0.7048517946407835,-0.158376071458515,-0.7666565877833479,-0.3059270158973913,-0.3672097975303532,1
-1.093262105227425,0.9664041159854871,0.41486550036191044,0.8164789021559502,-1.1908708113019588,0
0.4125102519043715,0.038342948029341406,-1.5642416117110514,-0.11687253325184793,-0.5349500641235907,0
-0.9902196850450771,-0.2985669418119233,-1.3122191934314063,0.18256090307956618,1.788569247529785,0
-0.7716837582725288,0.7403059575514539,-1.423957152450145,0.6039123963048258,-0.9826495673138833,0
-1.4963622975156636,0.23045280000254242,1.5541604207147741,0.599282276698612,1.0379108198670608,0
-2.510282567290737,1.7267854979171209,0.15519068385897913,1.6412134963406995,-1.5321817069279737,0
1.3118662187687984,-1.020150786162635,-0.5703513664136806,-0.9135553243089864,1.0882865067804395,1
-0.12798686843837426,-0.019580822332298062,-0.6373077470287948,0.03261532718632565,0.18474452066614144,0
-2.347320306959375,1.6540728535946392,-1.0039573720814985,1.553356801010034,-1.5289169816388513,0
-1.060016986006763,-0.06468348904981075,-0.3020454994898642,0.31638267143367615,1.291980527776142,0
-0.8190832829898724,0.40144991791288026,-0.062004009366031745,0.45865798299756516,-0.10429122410943203,0
-3.740403705382816,2.3877071407871377,0.26348721533105957,2.357563424473469,-1.8305060378452338,0
-1.1618729429815076,0.08362396689079576,1.2179591523055584,0.4200986468808612,1.0387058623308092,0
-1.6005460098069955,0.5584478643540624,0.38961417737090387,0.7890152074510023,0.3482419779617203,0
-0.6373292861396234,-0.0011836990282661497,-0.513196364513396,0.20811376707949475,0.684697543675663,0
-0.16128878381921352,0.342999676795247,-1.0021874557814727,0.2155494720829272,-0.665227145810336,0
0.7658882838686663,-0.12143364453782632,-0.9161919154812425,-0.3083839338619948,-0.5227371622982303,0
-2.8190076347070097,1.907898168773491,0.8389405004696122,1.8282276922895773,-1.644276816938603,0
-1.0537227255320345,-0.0031946194095695546,-0.6578345538521371,0.34349587721480346,1.1350613393027644,0
-0.2103418652372505,0.4204756421212164,-0.42924442029866183,0.26836985068839164,-0.8019847349978485,0
-1.2779671587464092,0.46844079104146996,0.4547409121411344,0.6406910541645592,0.22299239390394243,0
-0.1653815500785203,0.34989236250044076,0.8071225966373103,0.22015984415020134,-0.6776840439056677,0
-0.6000412988337191,-0.3030277759659444,-0.8372624310497003,0.052691571676099336,1.3820571330126175,0
-1.0146243331134899,-0.23243419015899164,0.9413105807674833,0.22192893700135513,1.6531487277799117,0
-1.1767134551775558,0.9090152803825016,0.06934433703625043,0.8165739025436809,-0.9614242705459748,0
-0.9890649686796007,0.1213413337559881,0.9321915642603847,0.38141300731363115,0.7617140729476025,0
-3.481329364304954,2.214309481099057,-0.6603211394734471,2.1904664231372433,-1.6841390454554603,0
-0.91659703675141,-0.34609404796945775,-0.06418817710849775,0.13590548871340435,1.8258929872774519,0
-0.9923674424728929,-0.2332709582740593,-0.03143917037477642,0.21424453584463787,1.6313823968012164,0
0.6646940307329046,-0.5885954088057783,0.07748051851886253,-0.49690087790260284,0.7265549363642312,1
0.8502478632265882,-0.1584591556056298,-0.4700421477595015,-0.3535722521904797,-0.5225496420344059,0
-1.283609776808924,0.22050311629797542,0.9854496856152184,0.5249017631977472,0.8346129669668149,0
-1.0177461826797598,-0.015398728150831098,0.6979032725390276,0.3259260032789302,1.1263824718971083,0
-1.2043047979056056,0.955498045504478,0.01914777741575206,0.8476621730447853,-1.0454408996443103,0
-0.14495715285406519,0.384808063000368,-0.01926037973439464,0.23003860003209245,-0.784814884032637,0
-0.8182224427035356,0.7236711441920534,1.5334337012963255,0.6112575942112127,-0.8922328125534437,0
-3.2796978110277624,2.0489698229526225,0.4209729443893898,2.0460006414118475,-1.4960020762006752,0
-2.5814054638146198,1.7588047294762517,0.4620608932518965,1.6796925531815425,-1.5343018889597537,0
-1.5249447859284362,-0.34164229267128843,0.08520944963390106,0.3372038784652379,2.4658219534993466,0
-1.0731389782974767,0.8923784864112417,-0.8108575112103382,0.7747678665030745,-1.0315917374263592,0
-0.5104573056590848,-0.6705617834585172,0.5555126463422483,-0.15102078973163763,2.183917855150713,0
-0.5346031475473574,-1.14882538096244,-1.042044412243103,-0.3700324383734627,3.377900657067093,0
-0.5365593046997368,0.631844836997802,0.10589445311523424,0.47546697402655264,-0.9692678597322187,0
-1.4214010343988845,0.008290156285902572,-0.22979963057519381,0.46933078459550515,1.50034729559084,0
1.1272368729587408,-0.34274087237200174,-0.3570292008066094,-0.5316989660878759,-0.36876337180869867,0
-0.946258381368779,0.012600350275861205,1.75547569831549,0.3158038279598092,0.9815184317762554,0
-1.4798659253329902,0.16170088354393242,1.0817667276728287,0.5612608911957075,1.1881887798176693,0
-1.3668944291176484,0.2923805058276914,0.2553837556743171,0.5862739911679975,0.7481502962814552,0
1.153596854135379,-1.0156820674742533,0.2577525401427507,-0.8596142791725416,1.2466861830450993,1
-0.7585313086663614,0.04472660531014816,0.6515219913395057,0.2695805874332586,0.7022225993423667,0
-2.2115522214025174,1.4983811599148553,1.7388996637975789,1.435033727256652,-1.293885165762009,0
-0.7194211996982298,-0.3110244281859339,0.08199555641356042,0.08798503083508813,1.5292998669533933,0
0.8977816886782959,-0.7294447347163002,0.26402008133367,-0.6400463559639805,0.8212233027167655,1
-1.7622034695770072,0.30624589687362774,0.6855077387902041,0.7222853070153731,1.1371806224891503,0
-0.32146947796488645,-0.27139414864652867,-0.6353623888256293,-0.023509936056201636,1.0067800358230907,0
1.1044545404592303,0.10985560917816001,-1.9196731561976563,-0.3095000692142458,-1.4498514796816824,1
-0.8151716238119654,-0.5963007418448039,-0.6497652268482671,-0.016016751780576488,2.3285156541100616,0
-3.234782795107977,2.0784790359270033,-0.04865235157045115,2.0452954707377295,-1.6161273864089183,0
-3.6452516959731627,2.295238130746729,0.16476084123651674,2.282535642305433,-1.7064441730989892,0
-1.7715375173236896,1.2570269008180615,-1.5178737466808094,1.1764501698833838,-1.1751027534454315,0
-1.774299626678388,1.26393148689515,1.0602099074988798,1.1806305023780832,-1.1890122370480642,0
-1.064365270993707,0.054850325798108834,0.3350580290841175,0.3745205508956538,1.0046726555753722,0
0.46168007008737366,0.8117684267296121,0.03793783544760203,0.23398858422948976,-2.47663179733426,1
-0.8687835569771929,0.8101713518587209,-1.0858251288851855,0.6688533882038882,-1.0494187093567726,0
0.9135571762581458,-0.24264715726776506,-0.3286184757489846,-0.4142450300223252,-0.38464912799287443,0
0.09427145391999003,0.21069751856661634,0.6988284202025348,0.06910128499024332,-0.6154759789348934,0
-0.8494346323544628,0.3467377136437156,-0.2561797524953801,0.4426368529635083,0.06181201051730301,0
-1.0131046307710274,0.8894965988733123,0.6897078052451944,0.7537439794620348,-1.0887767137460231,0
-0.9451475134846361,0.2879600072786458,0.32405702822156063,0.4460875784494093,0.3077680706052984,0
-1.9103197350572705,1.3919856440612302,-0.7157599891107518,1.2859231551769392,-1.356270160078442,0
-1.0670565907980338,0.20794855067655948,-0.11622904312195817,0.4480409143178585,0.6336115992907181,0
-1.6136710031913029,1.2067932052283985,-1.2601647651725802,1.1009273209582917,-1.221291173124094,0
3.7575043196906033,-3.2812362864214313,-0.15525904882474875,-2.7871074438721717,3.994644010615292,1
-1.1494366565751948,0.9732055626467065,-1.111457956937032,0.8380986872013261,-1.1473884598157604,0
-0.02696298076624437,0.3050661903176616,-1.6065771007386793,0.15357033282519927,-0.7162751089309597,0
-0.587120714856479,0.5090769170473182,-1.5486182988637467,0.4337732584354626,-0.6153190726867888,0
-0.36086881336223653,-0.0692964021997933,-1.1376856704248166,0.08527779692896331,0.5553081044365415,0
-0.6904987750540477,0.6581650000110353,0.8876554258738361,0.5383579806155907,-0.8688720825758507,0
-1.1525690243282414,0.23733661209504292,-2.6357477390168778,0.489983028517522,0.6533117470805618,0
-1.9867660907100997,1.4207283041867669,0.34378788154988543,1.3245906216147896,-1.3446923982690768,0
0.48178660222335423,-0.08034480958681428,0.7215625051261435,-0.19586784361863496,-0.3191678533720196,1
-0.4956866566709627,0.5578759994210511,-1.326472128311083,0.42698904219308403,-0.8323250606081188,0
0.3531363780460446,0.04379848182021526,0.8113965544915921,-0.09484380428461531,-0.4847577473862107,0
-0.9675094609409971,0.1725521465777904,-0.29983819627488056,0.39865281166867883,0.6135726103010358,0
-1.0880569766875943,0.5356500637386914,-0.006521315229458062,0.6103985470173838,-0.14432866176080483,0
-0.8100707076046324,-0.05086310616570655,1.1356201471829441,0.24110209185507267,0.9908352456363535,0
-2.0465079547818745,1.4517327383264358,0.152354872033722,1.3588618003917798,-1.356509229148807,0
-1.0889046880021924,0.38648318961596484,0.19502498402812674,0.5399022122797984,0.22091613563026247,0
1.0097622736406522,0.3118352898394518,-0.25495579355369785,-0.18266425276958953,-1.8418833960111414,1
-1.8658968075509956,1.4033406560588084,0.20726732939894396,1.276765640949482,-1.4315276680105633,0
-0.8276527325369321,0.3588824333339476,-1.405189846803575,0.4412671863223891,0.00884672265756048,0
-0.45809473352659036,0.5709346273653917,1.484116028535965,0.4208764461317376,-0.9044359083653031,0
-0.7593534437699292,0.7048673063810751,2.0243096232868525,0.5830609198967636,-0.9092819818066576,0
0.6955191666160299,-0.07072666453412135,0.05088770185601806,-0.26128506914140975,-0.571308281951504,0
-0.9009215629923872,0.3237284401145596,0.3891591956679287,0.4485777796447264,0.17309185965443918,0
-2.732777910832684,1.7601627798215365,1.617212574968624,1.7298995069626133,-1.3756826809142935,0
-1.675335445094544,1.2209388687686253,-0.3206676255571917,1.1278291607906448,-1.1898739531269553,0
0.19632709736921683,0.009463877522637498,-0.8463159774657358,-0.05979149329756448,-0.23314349573324566,1
-0.43555511670197755,0.41347541992159764,0.4572804046152411,0.3387882041652033,-0.5439566590124769,0
-1.165629462882507,0.9303289605169018,1.42274813609994,0.8230572780510247,-1.0253401324552434,0
-1.5542075068935395,0.4411034580668248,0.21128369227947272,0.7181676122853443,0.5852816760089175,0
-1.4820284518751674,-0.01009709426165517,-1.3993061748019415,0.48045747483002293,1.6101162916096703,0
-1.718249042634659,1.2807480389102568,-0.009300321138614417,1.1702571308464416,-1.2900485892705793,0
-0.05760439851033561,0.02989507619913772,2.9490944253087252,0.03304497904643064,-0.011393872365077273,1
-1.1645846682276852,0.009491154238565946,-0.838585798447231,0.38581338127246123,1.2226751498344564,0
0.04839345565829056,0.28576294633428845,1.235782191822154,0.11973836619309715,-0.7497425267320788,0
0.2785208175355547,0.0689863746737996,0.05993263026632825,-0.058462378892545935,-0.46645607830159475,0
0.4947876927214151,-0.07813311824806868,0.34005129456889044,-0.19907531998936703,-0.3384782707331684,1
-0.7544837503188552,-0.17242232890585724,-0.3294477863470914,0.1652265859287042,1.2282756985312,0
-0.5927118752651082,-0.1096665522866585,-1.7762463334664518,0.14203415771792202,0.901934228266905,0
-1.126952386009454,0.8361799606951649,-0.31607285602704976,0.7657235197309075,-0.8367587869003905,0
-0.7426918798993528,0.6496190464523216,-0.24702570074599667,0.551392408114064,-0.7921632269932372,0
-2.564791778730816,2.3845848481913237,0.07203686128374476,1.971161258123698,-3.080533853984221,1
-2.297937026775677,1.0113361893575814,-0.6058608207588934,1.2322340399921714,-0.01187157387991411,1
-2.1862024170571805,1.5579204788312855,0.8250982646676347,1.4549827498523498,-1.4664279717207145,0
-0.7594328147634102,0.6863324199543324,1.2816437950037687,0.5742928232632935,-0.8639258804342309,0
-2.0305789087947463,1.4240516441820026,2.0236062192296393,1.3405126812942547,-1.30593923917099,0
-1.4626762442153658,-0.3927952286200287,0.43295982536069616,0.29254572850621263,2.5241482018294503,0
-1.6659095702215798,1.2585337796347722,0.4663583744463345,1.1425802520203077,-1.2917826531019712,0
3.192920128310261,-1.2183524114051247,0.5488838353173644,-1.6234920202092427,-0.43993529915650165,1
-2.7131085302647495,1.7276848936495548,0.5142547560178349,1.708049829772847,-1.3173979560458973,0
-1.4744139775823668,0.46354539693438246,-2.100026507651624,0.7026893149713775,0.44510551156718514,0
-1.8069333466532713,0.3920878507854324,-0.8184286659420014,0.7776595120225525,0.9753643211025785,0
-1.4783541348069398,-0.20924574331806445,-0.053120653017545344,0.3847661174443216,2.0926032438463285,0
-1.122258809263508,-0.18481701461049044,0.996858773465808,0.2797632935209808,1.6519903949805799,0
1.4621309707452945,-1.2683499027766483,-1.6548874362282961,-1.0805161027215182,1.5337580212928787,1
-1.1206993115915702,-0.18456734835699273,-0.04889718347410554,0.27937113721895435,1.6497122589521789,0
-0.6029087394237289,0.6660453472974754,-0.0007085945766459172,0.5134180284030593,-0.9818223692718706,0
-0.45234181725510014,-0.26390549246286166,0.756788679986982,0.02289357386319807,1.128494585981065,0
-0.6806879103275383,0.7057907317576094,-0.005596018829046555,0.557742253132816,-0.9956927741185679,0
-0.8076735240400741,-0.3770516518020424,0.48206672733538614,0.08555339410557661,1.7849815635914839,0
-0.6200340068177088,0.7308879988955117,-0.5583017539460305,0.5497905333061336,-1.1218792227697534,0
-0.07946419359601997,0.32722042006304625,1.5490201514951873,0.18127168727758636,-0.7142213961006278,0
-0.8802060713154545,0.41387538535600554,0.7890566873755189,0.4845663074384458,-0.06925190386616631,0
-0.7548071958109042,-0.08034329685890795,-0.5698329282387588,0.20902041679998581,1.0037200155790191,0
-0.9254620052129305,0.8354459546127639,0.26125053123385605,0.6994029557482904,-1.0505177115917363,0
-0.9889464662027725,0.30753413503287164,0.6256309336460009,0.4697154665312571,0.30681408325418436,0
-1.3761159416005566,1.0130233872280585,-0.31305803052315434,0.931210398307249,-1.0021444410674023,0
1.3660064801675187,-1.2334799449923732,0.28872366282502326,-1.0324984245133235,1.5514213538883572,1
-0.5235422096836391,-0.05081048374235364,0.4097627959594974,0.14731143463861934,0.6841823479173783,0
0.351335058462536,-0.2164846168606441,0.10575379127148042,-0.2177482440432816,0.1529069747191586,1
-0.47677322315346016,0.6089009571933903,-1.1388331177807691,0.4450057377562459,-0.9771861192032035,0
-0.5738604996456136,-1.1504467650081938,-0.5495402745955349,-0.3579480164305554,3.4238578561399833,0
-0.7412531245271203,-0.496826457218366,0.19063559126502433,0.006977421772658143,2.0064741309408385,0
-1.3903005173917289,0.3551118586056181,1.3883377782084478,0.6237012432418609,0.6199693980043638,0
-0.004271976991985782,0.26959950907884933,0.23007075919140207,0.12931324358796195,-0.6539227876831742,0
-1.1449389285615086,0.7221605456709213,0.29219272832637316,0.7175149143937577,-0.5390262554883758,0
0.4789623515248629,-0.011358496408249763,-0.13737178839939665,-0.16221179411092002,-0.484644577253578,0
-0.5998447273523265,-0.36302575676822874,-1.1022921498364233,0.024160496094609574,1.5283910416005755,0
-0.029738836134888036,0.24273262372273435,-0.9637589262106109,0.12490434922117527,-0.5610567032829175,0
-1.7425938962550673,1.255045235773707,-1.4511756900515589,1.166033179459672,-1.2012260653662494,0
-0.7407351080087081,0.28377562332829903,-1.703871586826719,0.3771732100015594,0.09931070076876136,0
-0.730491359869071,0.2832061511674646,2.012270445700765,0.37354899296346494,0.0897430030335411,0
-0.3868358399435302,0.22567770540083687,-1.1306153349375263,0.23373373117019391,-0.13738269730621577,0
-1.7889269332164182,1.2303496598147388,1.3814540786904865,1.1694865248616373,-1.0913410137595865,0
-0.8054334779526258,-0.4355358832159894,-0.061764199860128925,0.057071456109114405,1.9254320793497448,0
-1.290045531094827,0.013075203079695008,-0.0739475656083926,0.4285924721471936,1.3481375214567366,0
-0.06063491024124035,0.28866381361966487,0.08865759096143744,0.1568129591767493,-0.6401907603089994,0
-1.0113083277403914,0.029844399989845505,-1.232523314768509,0.3452842191592136,1.008989656028721,0
0.0037773369438502957,0.0576786589266229,-1.3354815690998914,0.026129503818523754,-0.1449202328057424,1
-0.7108957081173233,0.22530247445860418,0.7045065398247231,0.3396599051523197,0.21020872671918855,0
-1.1738745414398069,0.40985360727940967,-0.11676591579524663,0.5788115355642842,0.25473384608442406,0
2.0336452879154674,0.3201142141620066,-0.2797601684958344,-0.5139776580328821,-2.9574409509433037,1
-1.5585078688926655,0.16081502117608437,0.6404797952008238,0.5865896563121671,1.2744825888834046,0
-1.0864027041741584,-0.19806908224391373,0.35845361820962024,0.2617356376812857,1.6459999946872026,0
1.3519208663586628,-0.4670903655967864,-0.2666523292344148,-0.6642643723257248,-0.30540547921712224,0
-0.5789449478718385,-0.5063412265330578,-0.6068651778571754,-0.0506801729561388,1.8560786928916593,0
-0.540858560168191,0.6403269847300024,-1.0293715081820716,0.4808990931818494,-0.9853860963774644,0
-0.747560845179044,0.5927135707968672,0.8584511166566653,0.5259871724728338,-0.6479636736717482,0
0.6835650846483707,-0.7250252264784371,-0.23086637384476896,-0.5678103236071561,1.0395947858326746,1
-0.7420510354859526,-0.34937085100646065,0.8141517621182666,0.07720063859583459,1.6471695453837654,0
-0.5022393485741147,-0.4065266998809991,1.4558223221467665,-0.028437124560864113,1.5302245310611662,0
-0.9172710357936054,-0.2984879633991537,-0.29660745906979835,0.1587134104719713,1.7103368511949801,0
-0.5389624776428736,0.5674189207862668,-0.19003903500149447,0.4456862274345811,-0.8093376111763627,0
-1.4019393707043784,-0.04623696869913485,-0.46649537922819795,0.4370876101457736,1.6127091792888897,0
-2.1224284825287176,1.4795130317444605,-1.3303136257389898,1.3969004937449998,-1.3431434242962308,0
-1.2538490775291717,1.0784266971835579,-1.7073579575929467,0.9222089165658471,-1.292690538891763,0
-1.1138844771711938,-0.016490420234254788,1.1797252083607102,0.3568857937206483,1.2318963800933587,0
-0.5344617490933036,0.6147490343518384,0.7181857257079345,0.4666688939767124,-0.9297555466900561,0
-1.486960886656061,1.1226355159716555,1.4524675344707454,1.0195101314939279,-1.1512900312730798,0
0.0031214980660210223,0.23585088008601882,-0.5029747705513431,0.11088004508719698,-0.5794016917998501,0
-0.9198365268034259,0.7739243520878767,1.3728484746765302,0.6683714392868199,-0.9062701513138482,0
-2.6194267607068125,1.750411631822549,-0.409282438113104,1.688159348579747,-1.473127192974554,0
-0.6624565295691479,0.7410425415716402,-0.3583401520212222,0.5684985208429767,-1.101298496584862,0
-0.24815854043703622,-0.22620788250291607,1.2571492168625729,-0.02607439191740296,0.8179861720919105,0
-0.3097059226239809,0.4149974222176873,-1.5223591862178911,0.29830458839482943,-0.68230591805335,0
-1.6708005245009794,1.2417856294310314,0.0341524174880246,1.1362353087817811,-1.2456432613762445,0
2.1894231949987386,-0.10906533067837632,0.8872908372667421,-0.7686117533432624,-2.0758252645579036,1
0.9369933763046112,-0.2878541383729182,1.7193779062072967,-0.443367506969251,-0.29930346659590457,1
-1.4347088052009522,0.3633701612511935,0.5522999376795232,0.6421597208717816,0.6473060079608641,0
-3.213563209118252,2.132729691135002,0.6157711497711416,2.064087550394726,-1.771334255396281,0
-1.569080661220501,1.0910128988726777,-0.02355215087423812,1.0313942162045213,-0.9862016072032822,0
-0.4357973824992354,0.5234342567484571,0.5576910607251245,0.3910387286393203,-0.8122703508379353,0
-1.6112729307693643,0.38045067817575845,-0.33130838318332273,0.7080746751381233,0.7944730413196981,1
-0.9790932582735589,0.7858482550648582,-0.6176518954343502,0.693430803494702,-0.8720020498877927,0
1.7226187395683004,-0.2716179700077868,-0.493122822399772,-0.6928948029975533,-1.179411615177517,1
-1.0471462134705654,0.6098747559143818,0.3687331473175197,0.6322202150597938,-0.3693871853712105,0
-1.6878883277798633,1.1970811393798653,-0.17435425790283585,1.120619679096032,-1.1181728884405442,0
-1.4500960205707163,1.1054199976818344,-0.1627929060722942,0.9992716819509995,-1.1486789198769511,0
-1.8704824633587798,0.30876100852376975,1.7246966497611085,0.7589315132867261,1.2468729231539155,0
-2.8661885835036256,1.9437424388713218,-0.8304444065565653,1.8606824702234732,-1.6813523767175205,0
0.8364439977971989,-0.7451896609126907,-1.9122549754197768,-0.6274334264854601,0.9252983008434925,1
2.09085105650909,-0.5556900001490518,-1.085150526557798,-0.94824317981093,-0.8794998254506754,1
-0.5203608245104561,0.15903045267846422,0.9965705105794472,0.24583116236968375,0.16824549994652616,0
-1.3624198761789186,1.0962442893585835,-0.6292633936927887,0.9662110992964141,-1.2200621560644813,0
-2.967792769263669,1.924409844208156,-2.0038623644067535,1.8847773111460304,-1.525437990833796,0
-1.253054434120438,0.5121641068801934,-0.3078084711388841,0.6532791063468354,0.08954752818884792,0
-0.9508228986193843,-0.6426166523328003,0.8760467925297942,0.0064233057973521746,2.586759519719809,0
-2.7043855510971726,1.7793538793847836,0.7426824183597224,1.72970866667036,-1.4529304313571547,0
-0.9957144739624235,0.9882588256693177,-0.04541121793223822,0.7949089105847458,-1.3486057786201084,1
-2.15733664368659,1.4786907723586666,0.6704806172412126,1.407940050194611,-1.3037907821198227,0
-0.8983006964065531,0.5455414392268044,0.5628808601743548,0.5529613124819098,-0.3714869425311782,0
0.026274620540112537,0.3381914583962788,-1.0872459388628026,0.15185584560989912,-0.8541359722213135,0
-1.4958770391313785,1.1459549332770178,-1.1225448062444139,1.0334936312310745,-1.1987089888266003,0
-1.0266310685908513,0.44151038049396496,-0.4997301761516306,0.5456207499149929,0.019893531743990334,0
-0.5570260054513108,-0.21947208216132558,-1.6304732437151401,0.07825136925400697,1.1319563749014172,0
-0.9726985538287645,0.8916545755725428,-1.8461878622380938,0.741538032564603,-1.1372734231223054,0
-0.4759184618952981,0.58549144057819,-2.211861911329507,0.4336189631517309,-0.9209231265102656,0
-1.20321003058921,0.5840729346866976,-2.1305664798072006,0.6710769196369013,-0.13941161962008053,0
-0.5603828863589755,-0.8895154713175393,0.17183933979353122,-0.23855910427271726,2.7721187837405035,0
1.821317133258742,-0.18960678800414832,0.8132051867479773,-0.6862996671603795,-1.4853089641732606,1
0.9564829336371072,-0.869240790196457,0.486036289417637,-0.7255942165039321,1.0998753316997314,1
-0.6490767009164549,-0.39539704457369224,0.5950294658355647,0.024921188575153352,1.660125151834991,0
-4.444491000732856,2.872178439121286,-2.5623336587953105,2.8179596586719566,-2.260596954729688,0
-0.8061726948171961,0.0034685719786987645,1.2958717818630143,0.2656040712830929,0.8539608674508592,0
-1.5317369114649502,0.4296375731059231,0.12354769595558233,0.7053701360522847,0.5892481902700459,0
-2.760416315820616,1.8481520660096302,0.00020706491819709385,1.7806964203609406,-1.561028039293678,0
-2.6432592517505693,1.7963867793941635,0.18970616761039566,1.7177760449480566,-1.5599251430003203,0
1.3830861216152281,-0.4082194855697222,0.04977368718096008,-0.6465366023952727,-0.48253692475719256,0
-1.8248834546473,0.7704298245953449,0.8953554307625996,0.9630453514535584,0.07047232232287992,0
-1.2060120789979165,0.01938975492262418,-0.031058932870901952,0.4040741130898118,1.2428164530892154,0
-1.6840902078586264,1.2235008954559352,-0.4532484090230134,1.1319112416343062,-1.1867659376401238,0
-1.1610356099015724,-0.133967786885564,-0.33513778117145177,0.31658564182997206,1.5692747980801651,0
1.0474848470309324,-0.8763304593289898,-1.2417605754816243,-0.7587539831748686,1.0198391116840504,1
-1.1399458446621025,0.25287931287551324,0.4086073077017676,0.49322433502879875,0.6018448164288213,0
0.07402481137095296,0.23959262576811372,-0.413465161123276,0.08944008063081417,-0.6643922709445638,0
-1.0057879156263654,-0.42361122258956413,0.5820265670847269,0.12832961911363955,2.1106427757689454,0
-0.7799174700396676,-0.025509098402187624,1.472670675750982,0.2432587628998478,0.8966509176435976,0
-0.46406701718037413,0.5716289185466,-0.47883745600840416,0.4231613151367227,-0.8997426350541922,0
-1.6059069552890122,0.48453980767844534,-0.1767741631157821,0.7557039918096337,0.534496402750843,0
-1.1526563783249864,0.9520286397773605,0.5532512199847837,0.8291052655200811,-1.0922197173574197,0
-1.2161917432808638,-0.19795866650492489,0.8481742126666681,0.3042837629033198,1.784576890048764,0
-0.3524278639631614,0.5155787208718728,0.04091917539572113,0.3600145989925406,-0.8822709181423706,0
-3.680302120871293,2.33106548722063,0.6687416555925126,2.3110105996138652,-1.7564554943872135,0
-0.873095148468285,-0.29692114823962884,-0.7309562757154733,0.14499266294561775,1.6592511524039706,0
-0.8964032761249375,-0.08004521474023557,0.32782117284308526,0.2555234629782117,1.154469553848263,0
0.4026609929231304,0.049989277971003165,-0.42076179368105326,-0.10812194128339403,-0.5528594501474853,0
-1.4936442849361433,-0.19702979357147943,-0.21804589539237385,0.3955684372929784,2.0791231625420785,0
-1.3412045735746858,1.0654729993511483,0.007063158628176452,0.9446649674717233,-1.167599574372669,0
-1.10678754304523,0.18186311778126552,-0.9483480042242007,0.44867316127113793,0.7398285340770687,0
-1.0472022979245437,-0.45118440949864247,-0.05240445057746945,0.128807175907508,2.2222944391932504,0
0.5217187416461426,0.04446722424793495,0.8925973382993092,-0.1497240222794541,-0.6667383067762641,0
-0.12035457118270143,0.41874751753982176,-0.5358014630522978,0.2380861371726728,-0.8940310235910152,0
-1.195665759769367,0.9474630334441905,-0.08152267310164589,0.8410212637511998,-1.0350574270514485,0
-0.853323465031464,0.03507082808502393,1.532367724678116,0.2960362970577945,0.8272140806918152,0
-0.8606723524863586,-0.14701818687969875,-0.8682927318763665,0.2120483095601579,1.279825601305368,0
-1.5344819660912554,1.1398970730447344,-1.1482632887526183,1.0432594992744002,-1.1426137167145087,0
-0.9079034158670999,0.8199840802713249,0.49774308909139425,0.6863178345892207,-1.0315362525705647,0
-1.9239305147566037,1.3825251013007023,-0.22939074406802776,1.2858909582454163,-1.318602290846377,0
-1.0773724120037582,-0.048193032520686185,1.0305805856240573,0.3298892948569311,1.2702694302331756,0
-1.2386035164715854,0.36497762948152435,1.2235688824186275,0.5787132911558858,0.43358896593277785,0
-1.35053303620924,1.014404518885495,-0.31984752325484395,0.923489295400305,-1.0328860863319582,0
-1.6665174300177532,0.13141426839161763,-0.3519213178165091,0.6080048052428628,1.461840690184545,0
-1.84676789521664,1.3210650873158416,-0.9943493746085122,1.2314658566299055,-1.251034639816048,0
-0.7149788467095007,-0.7297333800094525,-0.20585943088034037,-0.11213064232522102,2.547238040482919,0
-0.7558991103918019,-0.13185629108293262,-0.5388418561927383,0.18493701630442053,1.130707872698332,0
-1.3199618308462635,-0.2805588257482985,0.3011073391917421,0.2990697624362839,2.0973384379240887,0
-1.095660033413082,-0.4729406134117279,-1.0325239035275395,0.1343508115211839,2.327273091365061,0
-1.3672302283291327,-0.10576011243866901,-0.41299782214343406,0.39748166450766437,1.7209622168788559,0
-1.6120810143384738,0.4443574714245709,1.4816634024625988,0.7386605528318868,0.6392461024900594,0
-0.8710532224117455,0.12498220773655055,-0.3135296861723979,0.34450086378669587,0.6265738977505261,0
1.1811809723318265,-1.028484640709011,0.09337237427665124,-0.8747202400254298,1.2484471605293153,1
-1.3226896477935361,-0.4049026339771723,-2.120700152635066,0.2409665965014679,2.403964568751598,0
-1.0322390927579628,-0.5137534796516461,3.9262377064363267,0.09422130309346477,2.3591110483333955,0
2.644363890592043,-2.406415501375549,1.2637066776546686,-2.0075726856264655,3.0487297231132606,1
0.15792048631819178,0.16380423110974993,0.4818660617184915,0.02601217046195531,-0.5690306908170069,1
-1.5278552625781385,0.3038783296469074,-0.8514064342603136,0.6444313190226315,0.892260782665279,0
-0.7482773670165725,0.7911125626354383,-0.12754912037753421,0.6203544004957134,-1.1317838089400587,0
-1.4007304296826386,0.03608454075930334,0.22054142701386686,0.47575013869107086,1.410346777106322,0
1.4046186823617357,-1.2159271357087151,-0.9600462952794637,-1.0368127673316414,1.467242052446315,1
-1.3079246097547537,1.0074447288401016,-1.2111719292807812,0.9062362251315598,-1.0614688267972938,0
-1.1953708940876464,-0.18806522445910845,-0.36650702036805183,0.3021606211255573,1.7381384343409507,0
-1.482078604728054,1.1383305750727573,0.22530792204094158,1.0253582633819749,-1.1948479856844985,0
-2.3752523655102045,1.6319342553480563,0.49968511030293383,1.5519984549880246,-1.444962432473134,0
-0.9817030263711461,0.8163775555040982,-1.7690759048891183,0.7087702664391979,-0.9437775284080624,0
-2.096499455045605,1.4112019143573746,-3.0195121558208253,1.3559997950329759,-1.204033038607848,0
0.5731201994134124,-0.46967287917082107,0.35250496835687956,-0.41049350000658735,0.5340528463535862,1
-0.37654964211662767,-0.3640517339071486,1.8709651753717822,-0.04943792844194228,1.2920188697861124,0
0.7055903147395506,-0.6074055371667306,0.7324921027798023,-0.5192158814300324,0.7287481025759377,1
0.8816712811218204,-0.19273165118220548,-0.3340772309799405,-0.3801219278324335,-0.4724559221916047,0
0.46668962570515005,-0.03405121322216212,-0.30372602877666466,-0.168960251958326,-0.416088746969434,0
-0.4080638884149489,0.5776077247971827,1.4484992298929262,0.4076613916536844,-0.9742571833699308,0
-0.20352264821361532,0.3730090286384027,0.46217266608194285,0.24361602533197146,-0.6933433273170823,0
-0.992593819835018,-0.079359010237737,-2.238231233324972,0.2873439038871412,1.2556968709306278,0
-0.6236297928527773,-0.1688333381398549,-1.5648027713620551,0.12408500825495958,1.0795238209550095,0
-1.032926291313865,0.007217237124321041,-0.8950698422766047,0.34162669698658343,1.0873827825397426,0
-0.5425744236763427,-0.21776977632650718,-0.19646658342809717,0.0743272870256109,1.1123384080116892,0
-1.1592279843281323,0.3151735148723846,0.47363207681145447,0.5290939060919689,0.4703199073390253,0
-0.5734104141533061,-0.24433479277012932,0.26044226333355597,0.07181958741552327,1.2102110071114698,0
-0.9933209416313984,0.8425576939648809,0.49201884799279927,0.7249956829055766,-0.9952934460851149,0
-2.271920658957271,1.473289977416301,-0.19090379172729868,1.4428948662835903,-1.1680189664282417,0
-1.5084640365866433,-0.07223743664837667,-0.22954865536034708,0.4596298754881932,1.7901736130440942,0
0.1553743273094248,0.2089635169915703,1.5805406865683735,0.04827216683054701,-0.676607744801421,0
-1.9188099778361307,1.433368146755134,-0.49163618563204736,1.308337435998936,-1.4482635742954604,0
0.03744529382642203,0.29418467162460615,-0.06613261462582246,0.1273188129265245,-0.7586002710284524,0
-0.9396906335472068,0.04844095291507777,-0.6256772874962124,0.3306583805918838,0.8869521904343975,0
-0.43362008525108187,-0.8033641286497342,-0.7582820688875902,-0.23918851654508724,2.426086223343183,0
-1.6927846176611947,0.16161325344504385,-0.4516594761596227,0.630933496949285,1.4161803943277034,0
0.3653690202407842,-0.25567367924689655,1.0826910538870733,-0.24093695599678236,0.2336123460909798,1
-1.3168334422230057,1.0561532728232008,0.7846042878980238,0.9322634835913262,-1.1709081889648392,0
-0.39563346756174544,0.48352913846643275,-0.5041798310076715,0.3589547643951223,-0.7577694989522307,0
0.8358428531921707,-0.19445515709018002,-1.0710536796490489,-0.3659344464670682,-0.4192196426061363,0
-1.1297320905631205,0.028277659485533957,0.8745170741325226,0.3833153616666224,1.1395045601040223,0
-0.6742445591335577,0.6218211717478781,-0.6757080791616118,0.5157922626472005,-0.7974913525835311,0
-1.0741850083446343,-0.3916102902571878,-0.5309708978119645,0.1659075065878946,2.105651260751548,0
-0.7501564201754642,-0.001918725816814848,-0.04551224530124217,0.2447070682174661,0.8071938001759348,0
-1.2181315797083623,0.9844053657190263,-0.6619821777966091,0.8659047620905388,-1.1012549032234868,0
-1.9642504341775175,1.3251671463526646,-0.062191016999311004,1.2718784475167735,-1.1353726051651138,0
-0.9323441927227057,-0.15494961231529042,-0.03361256470371301,0.231752065874553,1.3758715723659107,0
-1.0146192531014662,0.8852669878658375,0.6354180302092264,0.7522331132525089,-1.0768256274074688,0
-0.9711318355443985,0.18579505655259201,-1.962625691672579,0.4061221023510799,0.5851021627813513,0
-0.924965968746515,0.4754580259432437,1.8325570434792018,0.5284402389042814,-0.17178306884208627,0
-0.7455121960015335,-0.5295051950181219,1.2374381346841392,-0.007132859226840593,2.090847772073292,0
-0.5143222759704336,0.04607679291007152,0.0953441994413082,0.19026188233944244,0.43767321735661713,0
-1.4097747648772312,0.39441781845048496,-0.6315777291653314,0.6487266856545488,0.5447984514261719,0
-1.5916891650924647,1.1708673242097105,1.6744924333475373,1.0766845554167055,-1.157058607084582,0
-3.289437283098894,2.1569819383373745,0.6802161054504494,2.10043711274774,-1.74940094443859,0
1.1833149836057113,-0.9500503901047803,1.5163940552535728,-0.8382049529708476,1.0545897039065226,1
-0.8522445389935671,0.736157336237708,-0.5975101946916416,0.6283213776729928,-0.8863337704119081,0
-2.07613637270418,1.416809208574962,-0.181224173218103,1.3519929251867397,-1.2395129275174435,0
-1.8795667331465804,1.2809105083730707,-0.8192578597214978,1.2231531156105098,-1.1178699033164694,0
-1.5901756340088118,0.7379434443423872,-1.2457173764463845,0.8707834100802567,-0.1012674632859254,0
-1.7535447618156748,0.858483476271255,-0.24149744587077882,0.9814655622231356,-0.220914627903966,0
-2.6211340231214937,1.7435446393035865,0.18474057889572446,1.6854602217077383,-1.4545282567416151,0
-2.3616623632981897,1.567254577732641,0.7906255991627686,1.516860797163377,-1.3015216609911653,0
-1.4087189128798898,1.0899375334372774,0.487872284871074,0.9783780938568087,-1.1551279037873092,0
-2.756305505281615,1.8749055949843596,0.35561334878566,1.7920439635203258,-1.6307708362138578,0
-0.7058088839100307,0.6593966314097137,0.020886488295961788,0.5439552025439933,-0.8555017740080604,0
1.7760308316116706,-1.4610816798935262,0.5565531245337582,-1.274737452989003,1.6686967048046806,1
-0.9670079117378929,-0.026533014416092127,-0.7465783465402389,0.30403040969445005,1.0992986786408852,0
-1.2373528463430548,0.4172280652306017,1.2000789564268612,0.6030945990422952,0.30463008401246827,0
-1.4861158914536379,0.26816262928939494,1.5192839236417688,0.6138192326099052,0.9348436399858013,0
-0.8684736982130625,0.6964651796467694,0.5346290861224353,0.6148027670963014,-0.7720245152446694,0
-1.8837138792983734,1.357913406328263,-0.9020515543575104,1.2610458681028522,-1.3015118033501183,0
-0.7237790095558462,0.6765133582710532,0.271495310825648,0.5579602328929955,-0.8780849302649745,0
-3.135550237872542,2.0817000266396244,-0.7837656655863965,2.0143328213583302,-1.7301522766752302,0
-0.7540417098202097,0.05742059905489599,-0.4555395260238707,0.2741334031882494,0.6664147906756676,0
-1.2953976471708328,0.35750882519609894,-0.9096834169818336,0.5937652595201448,0.5125890161699462,0
-1.21837498228853,-0.014242019852187981,-0.3084827884558197,0.39216502275442156,1.3381872444829936,0
-1.0870710867075748,0.9351854152776369,-0.4872285641135523,0.7996397667250928,-1.1212426565926052,0
-2.6249741737657706,1.7776493809440916,1.4196030045136372,1.7028989466114863,-1.5337204517022132,0
-1.8042448495879928,1.3130105365467784,-0.3839712719523516,1.2137213204052306,-1.2768521038183278,0
-0.6021145239090464,0.19855630863983578,-0.6047446645382127,0.2913525758972376,0.15916318788593964,0
3.547011321336515,-0.5494773791568541,0.6833289928110694,-1.422073882811758,-2.4524549056930836,1
-0.6052704784921703,-0.8720982053083006,-0.0635245746153551,-0.21559811931843237,2.7775975118638256,0
-1.2171198784434243,-0.20528750703859378,-0.7847619081277034,0.3011104039632652,1.8034703834107462,0
-0.49393261326861293,0.6210593613021325,-0.36927713924620315,0.4563927840140775,-0.9885259580977687,0
-0.5591292196466525,0.627577034214873,0.10435593752321293,0.4808319452864236,-0.9346988191205464,0
-1.0703759592903945,0.5383733316733846,-0.6243453897132241,0.605901484651631,-0.16989512096214687,0
-1.0487003944182158,0.2387041269139789,-0.28744751940035557,0.45662302632750723,0.5388543360516529,0
0.07339803459455796,0.18515919170196077,-0.025574312191994436,0.06381874857730357,-0.5307688800811134,0
-1.4127101943533424,0.27302493389101046,0.003375506597160999,0.5920915953283311,0.8444390950958514,0
-1.2144469551568595,0.484150442059585,1.9625871905307948,0.6273467861394695,0.11666873188177407,0
-0.6424123882202128,0.6640061282462828,-0.2628908292082677,0.5253848467124066,-0.9345811293316918,0
-0.5258770569467379,0.2542156618280462,-0.7179188907476018,0.29279898445466124,-0.058341801275991534,0
-1.7251458427180306,1.205871131199865,0.4183982208886837,1.1369891049819978,-1.0997847230947604,0
-1.5037695466342142,1.083841055018974,1.7952113559123222,1.0066071837411812,-1.0385534424976943,0
-1.1328426592454768,0.1466232994188431,-2.0870270186020687,0.44048424315997853,0.8537746954973346,0
-0.5836238223252757,-0.8157881098230716,1.0114630354083562,-0.19596874716957247,2.6169036158776837,0
-1.2456306716395533,0.8375939270528787,1.7388513518533313,0.8052522282554758,-0.713251931008301,0
-0.8429262858104498,0.7482197861157132,-0.6581164890752567,0.6309935445507622,-0.9257646723946684,0
-3.147368008309255,1.97077864337064,-1.44964521969853,1.9655743225284776,-1.4465859130953338,0
-2.968690366187692,2.0191884999076173,0.9653974845911707,1.9300399982798053,-1.7559732458630797,0
-0.7484998094762454,0.6467646341691101,-2.296180953137238,0.551939741945313,-0.7789781207274228,0
-2.741315774523594,1.7926591705777852,0.40429475496169764,1.7481132645881816,-1.4459209513551972,0
-0.910855629290407,-0.12737310095258741,-0.1873290184063747,0.23780023026646246,1.2855281644624643,0
-0.027094331283041173,-0.046430725851835455,-0.8484286341908146,-0.013158307997239986,0.14239152913986985,0
-1.6562227372241345,-0.11139229676216922,1.4641772387524374,0.48943180656345886,2.043879079734852,0
-0.5331882155102998,-0.7786087299046519,0.6124687940136023,-0.1948422820547046,2.4721381795650235,0
0.23606829545947572,0.20901637043867283,0.3636318826249679,0.0218762940914545,-0.7630621702141855,0
-1.1800480293799889,0.8491366935225957,1.9541574337502863,0.789255648189782,-0.8116044073417532,0
-1.4182785009561818,1.1017844015519977,-0.2716551103260533,0.9871289888905203,-1.1738369874644656,0
-0.7549478806236055,0.5651155681103693,1.0237095461069814,0.5153116661656728,-0.5726534002171271,0
-2.106823504465062,1.45739472369534,0.4720022709192744,1.3812968076445928,-1.3058137751504741,0
0.6251730953234911,-0.08504880107780372,0.8901984111247868,-0.24504754268652917,-0.46107138162094874,0
-0.7782292725771692,-0.5328667618534205,-0.47949296739924335,0.001984485909015621,2.13405864279194,0
0.40678451565967944,0.06259999642898625,0.8178896580250287,-0.10348877518842425,-0.5880722367907769,0
-0.36503273954254567,0.08980699661662774,0.09806753953894455,0.16212954553289083,0.17115487255748973,0
-1.0225194269056463,0.1304435537978792,-1.0589075870566005,0.3966853703920512,0.7752711660053856,0
0.059898367681299414,0.24303939375669348,-0.18319661872038787,0.09570074135421816,-0.6576986705971302,0
-1.2161075970278052,0.37624853984930207,-1.0166831285764972,0.5766952504354897,0.381994095993214,0
1.5102798893518843,-1.3613947849879322,-1.1302037246739238,-1.1404272858276867,1.7095097255484415,1
-0.374284902405998,-0.3999063905604453,-0.3596296724524624,-0.0671910965208902,1.377170560411364,0
-0.7197667155251184,0.7073830595494648,-0.10325476014904739,0.5712929965279604,-0.9577760267048789,0
1.6135754809776244,-0.6397563802416149,1.0075136898369221,-0.8318590738172724,-0.1635858614809207,0
-0.0003194493103877427,0.3329005495849429,0.5054701591666269,0.15805298806952278,-0.812763022688533,0
1.943440450228321,-0.02977494895652466,-0.6897277740641738,-0.6504514754706221,-2.0063418103151234,1
-1.524731421056289,1.1201308983247427,-1.100154232971695,1.0306886771076187,-1.1047661246932332,0
1.0296428768619732,-0.34743530196834516,0.9216501119244593,-0.5019719066258457,-0.25289253930109845,0
1.1053134197924255,-0.9799939297389146,-1.907807557877391,-0.826872602384475,1.2111713986411516,1
-1.1736682467533475,0.5090964426527675,0.3161559571827783,0.6258308647550556,0.01211396840006973,0
-0.05626965921269511,0.3242716796094094,-1.7785875840065168,0.17227823236392578,-0.7318323440449855,0
0.7769406474576973,0.24977448295066984,-1.3810446031537749,-0.13587886388468345,-1.4412313024321362,1
1.1935600256613845,0.7081438544458083,-0.01383774609423725,-0.054810573991365574,-3.0064857040360815,1
0.9346565537565605,-0.2007639872525424,0.2773769379581917,-0.4012814833432202,-0.5095199962835615,0
-0.34096125395757426,0.41131666637232933,0.54711911517521,0.3067918837378154,-0.6398791883836124,0
-1.5397899149568985,1.1851679676811089,1.321304032273012,1.0664767193710383,-1.24750884748395,0
0.730380174795348,0.5953417580419899,1.9925153531681183,0.04332430464265852,-2.235464588022693,1
-1.523519128720236,0.7172240448439332,0.7774073527645112,0.8391280781391204,-0.12196887139948465,0
-1.6596017209824474,1.2344744549285545,0.4577728661518858,1.1290997097985276,-1.2397661544120147,0
-1.4367114773680636,0.4107281406396725,0.9022771737866472,0.6652849626535522,0.5337772619879031,0
-1.0886683560963573,0.4260586953250083,-0.9186865114860944,0.5586018739416034,0.1240007120577471,0
1.5687551786094782,-1.3315360674810992,-1.3971181851129912,-1.1454065568053122,1.5740241559025612,1
-2.780309670787288,1.7536630469464178,0.6820520657126199,1.7423785616891563,-1.308958334318647,0
-1.64467008096192,0.736719607156194,0.21539650545628794,0.8880454068397651,-0.03998082565795236,0
-0.7721300672997755,-0.9583233034795361,-0.2440804736742013,-0.2018751460482311,3.1667052280784325,0
-0.36737249716752207,0.4522946285636465,0.4395012306202264,0.3348819487534105,-0.7117128708795106,0
-0.5625211104857537,-0.25247635147336767,-0.9077561801469204,0.0643913402919652,1.2184474142610393,0
-1.8050422807639048,1.3045162620525592,1.340461051790348,1.209952212961611,-1.2552518802893826,0
-1.0596207230028036,0.8707200286668171,-0.5260348426675804,0.7600655996752067,-0.9931529177756571,1
0.6871950927776602,-0.6256319661714081,-0.4711246518178786,-0.5218406214186748,0.7929448544192359,1
0.04984635420643757,0.21635156426425495,0.18384954475369486,0.08632964833054353,-0.5817605239936026,0
-1.282664087675575,0.47076539027633335,0.8545252270666157,0.6433318623732424,0.22233930594704887,0
-1.4002291712794892,-0.0767601856208604,0.6255080168310357,0.42204557182498365,1.6854321454824075,0
-1.278945453233077,1.0958814375954085,-1.2504077339697175,0.9387076095561797,-1.3084757210113962,0
1.3336174164193086,-1.1268489926252838,1.987275999230808,-0.9713012954733644,1.3256261875957216,1
-0.9104075209475972,-0.33890966459244104,-0.28487549336967083,0.1372876185731885,1.801723773539837,0
-0.6962160784329802,0.7258860747956707,-0.6004235657387051,0.5723609715904123,-1.0281635308273764,0
-0.20059834468995263,0.3853077721899664,-1.5537587660160643,0.24849382173473095,-0.7265112110443751,0
-2.3789961093841905,1.6353959081615592,-0.19102776260016902,1.5548666576060117,-1.449412461976522,0
-0.2424098370461012,0.37819929750304293,0.8187776437548606,0.2588111128172603,-0.6644194874370314,0
-0.8989091039422038,-0.5890802839425687,-1.1308884353259157,0.014826536590562989,2.4004610305674445,0
-0.7841401711090812,0.22391247258751285,-0.6677795564688862,0.3629822238133099,0.2919597364378447,0
-0.9565415209577711,-0.3015934482964246,-1.405567019178642,0.17009798419710764,1.7599329946571098,0
-1.432457402321804,0.18470085469958103,-0.2950899142379063,0.5566509097249617,1.0812946777148502,0
-0.32616857237411356,-0.5146581072363853,1.52100622715938,-0.13739066010079654,1.605975755920621,0
-0.5059279544324004,-0.37028609247150557,1.7473631979155582,-0.010034633265403936,1.445653394337609,0
-0.9326533339152075,0.10007296819751105,1.6850142787085094,0.35285160436577157,0.7533133324183808,0
0.6127217277757986,0.010091924682690656,0.6728612359668199,-0.19583011308143336,-0.6801309177001913,0
-1.2864201793904109,1.0172893068207125,-1.3260476860820383,0.9038660799975218,-1.1085192187604456,0
0.8593974662590766,-0.7705874946981968,-1.5473039889383655,-0.6469991749136985,0.9627768269601935,1
-1.5199529968772483,0.22440637489165077,-0.5888668267386961,0.6041375875636794,1.0779161412865161,0
-1.2794045522772894,0.27437628631485494,0.08589300629333041,0.5490856105439575,0.698529837205021,0
-0.7487373530350216,0.06722429651867534,0.054934110999848726,0.2770481161451414,0.6367948715818811,0
1.170129493468398,-1.068700278113429,-0.25885440036983165,-0.890182506417715,1.3584959965564094,1
-0.8252034315652157,-0.07789781284954356,-0.8245141615276735,0.23322995351371342,1.0730559111118712,0
1.491901676075598,-0.4428595740675478,0.8595878869798019,-0.6986005452224988,-0.514338440746327,1
-0.6757855690758994,0.4693497010356069,0.4631847952675847,0.4439550260126892,-0.4234334443075032,0
-0.3230156263626429,0.5128364666837476,-0.3695269288333586,0.34908330334945,-0.9070378218281541,0
-0.0004688275675142073,0.25468450544579013,-1.7258067287905967,0.12099141976137089,-0.6215616661427612,0
-2.01991517602443,1.4005925809512765,0.49822174849678513,1.325890729415593,-1.2600487365774067,0
-1.3939637105218776,1.0047365606937015,0.39069592092814415,0.9331223660504304,-0.9628106820999487,0
-1.3693242586516083,-0.05816021784101777,1.7041055162554912,0.4207515983043979,1.6069403302522458,0
-1.3362955936023657,0.3497592708828751,-0.6078752606758179,0.603479268510237,0.5752692682144953,0
-1.361533801266685,1.0771481163542476,-0.9006207346478687,0.9568605861001542,-1.1743679415273718,0
-1.2723683998654274,-0.03371786933330212,0.24930859564172886,0.40060310005145305,1.443518162938196,0
-1.0153625210718917,0.6217982712388197,0.2873289044030093,0.6274707924162721,-0.4325119691739918,0
-0.3653681481115385,0.531307385740557,1.360658595838651,0.37171416894255715,-0.9068446105051609,0
-1.3509728887368642,1.0456941880822959,0.6067230591361827,0.938479046548415,-1.1088401012732505,0
-0.8122708095703375,0.838689386217541,2.411676675578421,0.6638805937231651,-1.1795301787384513,1
0.0047937045562540526,0.4284558877507933,0.8484308822052846,0.20171613114467102,-1.0516255344644105,0
-2.2239437123842656,1.6371370804839862,-0.92951086019241,1.5049252695449056,-1.6195382378932182,0
-2.3055685263467747,1.5877351803767028,-0.7217375533372533,1.5082117135444175,-1.4115536751303344,0
-1.6451689609279305,0.5920839092163726,-0.7188323876087304,0.8195847244560385,0.31382346448094367,0
-1.3326992427612157,0.9137260480171336,-0.375196380323937,0.8698820980196241,-0.8060587356150504,0
-0.9296958469712564,0.30714244365331733,0.975816719344709,0.45012969052867335,0.24438526100989266,0
-0.45863464576537094,0.5442372173706361,0.9113627221747217,0.40838633995010976,-0.8386502806484897,1
-3.028613709099379,2.0163991247303823,-0.580053241370043,1.9483367459101186,-1.6850550438523362,0
-0.9965194758869388,0.31768125834596095,-1.1755946056248516,0.47700944989838234,0.29013138652200954,0
-0.8375503758176588,0.7842190687299176,-0.15589817793666752,0.6463136181446157,-1.0194434750502053,0
-1.6732288254582044,0.10061717007052029,0.19729226563120644,0.5955902330458467,1.5442419176683468,0
-0.973878476215936,0.132226763892004,0.2806364044901364,0.3816053355923934,0.7188802604476552,0
-0.8934671689786378,-0.3219057679898019,0.7450053128772811,0.13980867026186072,1.7420694398896712,0
-3.1892441868275694,2.103615900318969,-1.0718572330401555,2.0423116126986383,-1.7262404093997978,0
0.3433413195630981,0.03233526332797654,0.47635776935621926,-0.09707554275847143,-0.446280379419452,0
-1.0793025221999302,0.4236203774850247,-0.05020461704174478,0.5543784102466802,0.1199368237520968,0
-1.3541082015031645,0.14037337585951298,-0.2788833941507565,0.5099660188906237,1.1057469712386623,0
-0.9867574171509286,0.6373327680791143,-0.48720292119492714,0.6254753789711913,-0.501056111380916,0
0.5557775984641338,0.006261305209290413,0.26536234939962844,-0.17900285440549607,-0.6098566145963367,0
-0.8846863917369314,0.7464383776875005,-0.23040071420576733,0.643821496842472,-0.8767392033993411,0
-2.1444820717265154,1.5312809245551233,0.19894814679649453,1.42868317203577,-1.4459931160591004,0
0.30207688294965607,0.14440341430412507,0.1018562952619867,-0.030392685006848885,-0.6758610688754206,0
-0.8942608044934054,0.5409449727026404,-0.5289777080640152,0.5494577195213602,-0.364581962219523,1
-1.2634639703600674,-0.4142829753742314,0.9184544439424138,0.21712422133007314,2.3635170762427595,0
-0.7641317873760721,0.6555384623624403,-0.9735461997044687,0.5612208304811854,-0.7836851872554924,0
-0.9725906180939626,0.8100977442919556,0.9788580507817954,0.7028071402245025,-0.9381875135040687,0
-1.1079158381820098,0.8987549080186112,1.2358116200069387,0.7891799268828901,-1.0099622335471061,0
1.2525390788538342,-0.3658194084157817,0.47240627788037737,-0.5836754869860749,-0.4464410119944634,0
-0.5994017846172058,-0.02386440664732159,-1.2961166642498945,0.18493436744735028,0.6995205075354656,0
-2.23404860301956,1.4822076943440345,1.5111549302473475,1.4347258470893125,-1.230315381399268,0
-0.7394710971056495,-0.24115228718008647,0.3674816654743044,0.12770142039853222,1.380087288713325,0
-1.6156788462543117,0.9647993659843837,-0.8043157596599924,0.986768045388332,-0.6280767659331334,0
0.024953434642977168,-0.04941063799976869,-1.5355721232071058,-0.03161372443883835,0.09398991505945542,0
-1.3993150993115542,1.1547469511358472,0.6835693232004776,1.0060486359401035,-1.3234840412005036,0
-0.6986130172434446,0.6492670784763472,0.30047435961082836,0.5367930404174689,-0.8384585300999574,0
-1.2535446357880538,0.27127959341078617,-0.8610879101735704,0.5391492542106266,0.678428870722945,0
-1.656483784254788,0.5429220371662622,0.5082686396745896,0.7999640415295879,0.4460050713068475,0
0.39477111517903385,0.030690753506927737,0.5752050161065663,-0.1146950257736255,-0.49728259791855334,0
-0.4710954384735465,0.5720403841924182,-0.6775646523356551,0.4256577966946257,-0.8932287225034864,0
-1.2868803443218908,0.9758889639926844,0.42588720619303577,0.8843738917022143,-1.0069072033973694,0
-1.059842555549172,0.1784539674741618,-1.4485914146335441,0.431684847950463,0.6979342123308176,0
-0.4611924061372277,-0.5191633463090252,0.49986412374037137,-0.09531849905016554,1.7614264347864694,0
-0.9540407496375926,0.8145951877952048,1.4223698616985077,0.6988673747039095,-0.9690168560890824,0
-1.0439073153124672,-0.4163600837659275,1.2748750412787222,0.14425111866298607,2.1337116000610843,0
-1.284940708457809,-0.010629816576923079,-0.5846177306571996,0.41567393084065923,1.400575617025426,0
-0.7998060954420831,0.7811285318716237,-0.6500239344068982,0.6324889849585071,-1.0522732116751679,0
0.6399798821160609,-0.08382215814665975,-0.6172531865469232,-0.24931361030762356,-0.4799075423592084,0
0.18637436708600896,0.1757737177063473,0.31965182591897723,0.0223748117165095,-0.6287055706826226,0
-0.6749258791767611,0.04808852265790303,-0.23655528721894603,0.2438014617318386,0.604571190796706,0
-1.0079456123547925,0.5209125484519369,-0.24338397937501807,0.5771759752996679,-0.1940345642027479,0
-1.8281344212084596,-0.01672193464774341,-0.2739930818293042,0.5906368217521067,1.9965569212714949,0
-1.198494767838182,0.9707159280418206,0.3764095260975166,0.8529801383715943,-1.0888258498122922,0
2.6591381309614874,-0.2657729751268785,1.0729780477660118,-0.9967582745433001,-2.195563893367419,1
-1.6569715976911108,0.6358472586012108,-0.45730165508679,0.8442131740496824,0.21955842168030615,0
-1.2357800830734307,-0.0435497098531058,0.1941076309533577,0.3839584673236599,1.4283905971925512,0
-1.5024715439270897,1.0933909617493733,0.5225141052657575,1.0107132497789846,-1.0632675372092957,0
-0.6624572631997956,0.6394283375155292,1.4104591452035038,0.5202867640933024,-0.8531064917555116,0
-0.623656067959621,0.25730242279937826,-0.936506374789596,0.3262784947959556,0.0387215125887016,0
-0.6050826944619373,-0.508495765575879,-1.1896666590903613,-0.043144354840272514,1.8893029362001228,1
-0.9232899317533712,0.07383518678781609,-0.2346205699574138,0.337337014884261,0.8073818902267764,0
-1.516180946497001,0.4640563173774387,0.5581395145185063,0.7166071354554792,0.48853934246646313,0
-0.7608113920067456,0.7002584870500799,0.23070090571868349,0.581351577728439,-0.8964653138264279,0
-1.0262103092209238,0.21757679461992044,-1.7858664919341112,0.4392351868499721,0.5663979454382296,0
-2.3202613939748415,1.6346022958838287,-1.503080301759818,1.5352591037971188,-1.510307691221903,0
-0.5735849899891362,0.009846525634291475,1.904136589573007,0.19247592007238407,0.5895635814402838,0
-0.8810211314897161,0.8434394231738589,1.5379319184125528,0.6886446436165625,-1.1175838970463228,0
-1.0150845393146357,0.07606495328286733,0.606850593215671,0.3684504915365041,0.9001363656211846,0
1.7141532763870355,-0.4294433888632506,-0.7859860326349823,-0.765005064594115,-0.7848690784083721,1
-1.4078127271684155,1.1479612523416893,0.6012067489291149,1.0056113922289107,-1.2978194212638503,0
-0.22533499861158446,0.39583185960058664,-0.6905410523162594,0.2615864081133663,-0.725753199271264,0
-1.6402445445464917,-0.01393997462425367,-0.8000385643976464,0.5304375463341846,1.7887599384031228,0
-1.4860212678161895,0.7460515856376881,-1.10486279306252,0.8405280173651375,-0.23249443361108746,0
-0.9396030867763189,0.76438062668105,0.6659242520544614,0.670315310957153,-0.8618137379821713,0
-0.2228422146739173,0.4325356181769256,-0.3540407109410238,0.27818472601503497,-0.8180683444220569,0
-1.0261364277459644,0.33423532994133126,0.9514492770580866,0.49456094484427604,0.28138212704726484,0
-1.5472250167552453,1.1681429984036924,-0.835142901630023,1.0608334451214474,-1.1979716340773738,0
-0.7040149188448187,-0.5447043485278381,-0.4242363333980435,-0.027931373451473895,2.083578250108107,0
-1.2065512745768099,-0.07502606285970204,-1.2032008553891445,0.3594540153954062,1.474002543237041,0
-0.5413804853424917,-0.11354172560355816,-0.8892408282283243,0.12338853158030852,0.856485646110956,0
-0.6681374766332446,-0.07163424266263263,0.9153902755601617,0.1847749853628015,0.8897301665470189,0
-1.225223936397144,0.014470125991609462,-1.0565576427602528,0.4080303174977612,1.2753851644079115,0
-0.7305862757590171,0.6935108661162174,-0.8987840483231282,0.5682537369398261,-0.9123187740562744,0
-2.2143927780754367,1.558417960526805,-0.5505368494915835,1.4644489192420327,-1.4374853910534287,0
-0.4684719291045907,0.4527205693900073,-0.3920126399191296,0.3681861807748038,-0.6045984003426234,0
-0.7707961129523666,0.6884007487675858,0.24650477843200488,0.5789947545128795,-0.856821438617767,0
-1.304245442393254,0.9277963803382968,-0.828497024780246,0.8672415353774153,-0.8708648146899605,0
1.1586539067255721,-0.538786181600826,0.570612997219531,-0.6350014743432115,0.07646492932934779,1
-1.5281375439810507,0.19463398091442502,0.2167755637626291,0.5926915395187105,1.1593905012838552,0
-1.8636074668229266,1.3701810026016834,-0.45209033283308037,1.2602830924097548,-1.3529848014549868,0
-1.0348673177023657,-0.46269498350761956,-0.41619440488525394,0.11930711598980231,2.2372130518662585,0
-1.3259665495692037,1.0514636028378574,-0.31771509675623405,0.9330287939419785,-1.1496832615133006,0
0.842904484478896,0.3134042807285863,1.4532606633210343,-0.12728698009887984,-1.6672133945493135,1
-3.3540926687499266,2.120033752218857,0.019616657693989903,2.104076203120228,-1.5899880657528302,0
-0.26161675519332106,0.3668971124985181,0.4625912928539512,0.2597374248085238,-0.6162667594018186,0
-0.7400871791033239,-0.7074561549095655,0.14125714008746323,-0.09333995259531891,2.519686800546301,0
-1.44168863151693,0.6128741935965529,2.620793091029975,0.7628250489092439,0.04536295193130613,0
1.324122375547086,-1.1279491398228418,-0.8603850107795019,-0.9687143909809213,1.3384709493484537,1
-1.8997979157874467,1.3305624274506005,0.7197579421481819,1.2533351511653297,-1.2175009461632809,0
-0.7398491260707356,0.6280535177485305,1.1695899924277735,0.5402296224776382,-0.7425308759919217,0
-2.809492226457642,1.8739141125239174,0.4215866106144557,1.808988025890908,-1.5714507092412893,0
-1.8378708873712044,1.3416841138879205,0.19358991136754436,1.2383357119640732,-1.3109142136558412,0
-1.3055656919894743,0.5733543793438787,-0.4561208274741882,0.69950483734245,-0.0037329812485176195,0
-0.7174524830221609,-0.10147097252977227,-0.6520888885930607,0.1867654139801875,1.0153624831774628,0
-3.2233991365860324,2.023270799168559,0.7789365035121141,2.0153740487074976,-1.4934601548108022,0
-0.8547496777497885,-0.3190701757978574,0.0036956718478473255,0.12847710508979532,1.693724090988534,0
-0.5127757687318704,0.6856556383719543,-1.1165244399486591,0.4932108674553387,-1.1261432716224844,0
-1.6121083423857887,0.6906499315182183,-0.2634482160822491,0.8555257162171856,0.03770957513286011,0
0.717600564681389,-0.48924001398673056,-0.06863404608546861,-0.4670833412530305,0.4272821202942072,1
-1.460128564790036,1.103782919334878,0.3904648499288896,1.0017798236630517,-1.1339476976604566,0
-0.6865835631497657,-0.5554188204081988,-1.091933900395313,-0.03872237730520811,2.0911003603192584,0
-1.1852345613925466,-0.13361603450646564,1.5634133588321082,0.3246757945464273,1.5943033637751083,0
-1.6199988826315415,1.1644025715548463,-1.5981243518837476,1.0828864946633,-1.110983183953699,0
-0.698109670544743,-0.18696373227368795,0.6197114459661363,0.1398691618341617,1.2034846262203467,0
-1.2672416363942092,0.7914616308346232,-0.8866809222834573,0.790440140796456,-0.5774553443507655,0
-1.1193719116412344,-0.3946014609481809,0.18383451632250436,0.17928348116845821,2.161297498686228,0
-1.4116469704838601,1.0183507845172137,-1.2376624223272978,0.9453716685868094,-0.9771459105584727,0
-0.14913164698100856,0.3968618743226873,-0.22320225463480511,0.23712448541165804,-0.8097903252279494,0
-1.2971090879611848,0.24868361238200376,0.14488783309689118,0.54269228142567,0.7802238970501241,0
1.9176739260897004,-0.4175220413162109,1.4436320034688142,-0.8259859082679262,-1.0317104754532826,1
-1.1360563787122346,-0.020445048694091805,-1.5166425494207911,0.36226903585142445,1.26527470752504,0
-0.9349695910182593,0.23565642807673975,-0.5353350870162231,0.41793908777296673,0.4246305986012545,0
-0.4458517693355142,0.5829668986365135,1.6426729532559634,0.4225766808198869,-0.9469219163939934,0
-0.9285342175573674,0.5935429898133702,1.3289333195354096,0.5856352940888909,-0.4563866158427665,0
-1.7495978604894744,0.6964748327212692,1.2468917155347194,0.9033064463523828,0.1705667924071782,0
-0.9650400324986939,-0.11330858000589622,-0.6085897232397004,0.2622144447113139,1.3091415283661298,0
-1.3015151441715245,0.27877050105090284,0.04351466864346608,0.5584099807127858,0.7114506479459665,0
-1.399988602004728,0.014268351585640549,-1.879924385139045,0.4651563130283603,1.4628389054655233,0
-1.3129063241959085,-0.835611021642261,2.4267164863455224,0.033408907399735344,3.445497491159599,0
-0.3970717841937942,0.48259822164081634,0.4367385517335095,0.35898401644258854,-0.7539570561409309,0
-1.2957288615575697,0.04700207649946453,0.5731278132412001,0.44655030240111726,1.2713515762500183,0
-1.3175631030344777,1.003084884511347,-0.23401985910698136,0.9073234992385425,-1.0405088385936176,0
-1.2189802073502336,0.11660962157819321,-1.1062935124116342,0.45444721303308777,1.0192314693426758,0
-1.5046496089206554,1.141275410321686,2.0997217891665154,1.0341457081633483,-1.1778945436218682,0
-0.5218722450843112,0.5458033766514563,0.6663125009092119,0.42983477887260346,-0.7748248610643533,0
-1.2260543634288452,0.6812723950892904,0.3113086734428849,0.7246740204620941,-0.35238132945951883,0
-2.3348396184351183,1.5852603483012224,2.412615421612916,1.516621490098528,-1.3741951094811788,0
-1.9635258859951419,0.38619288633225685,-0.29967664800678706,0.8261343627926597,1.1572832978189773,0
0.8529640435876953,-0.20172411852772276,1.0352493347237526,-0.37498913448518556,-0.41978133098812465,0
-0.8203394922898016,0.7263518678924005,0.3405892164004968,0.613222661390511,-0.8965156498897787,0
0.8268367800594247,-0.15607715830140137,0.6170059495766975,-0.34477679215698315,-0.5033227711626139,0
2.6103337163068816,-1.1072403001491067,1.4898634386020821,-1.3800222489365175,-0.08808184094672633,0
-0.5200528759294801,-0.005486181355212977,0.38632331781156,0.16767357412752418,0.5697455537949618,0
-2.349358730004683,1.6019076497932452,0.9873345165891019,1.5292738597105326,-1.3993235499437282,0
-0.16647819358182625,0.3877291952312889,0.2942241290134937,0.23847101791420747,-0.7689267846129486,0
-0.2932547227154316,0.4968201353310149,1.2389463529394373,0.33173981235564753,-0.899755982803224,0
-1.8338343158219015,1.3291728808914232,-0.5081401976473109,1.2310779565827277,-1.2846739789186405,0
-0.9882919796466701,0.4302452083430608,-0.21701705042437042,0.5277228162932938,0.006393905009951517,0
-1.3671441875693673,0.9947506436407398,-0.07576428653545988,0.9196031442751779,-0.9671113926968453,0
-1.3481639947181323,0.3367246777367904,0.03823799496002834,0.6011808309365267,0.61980273030334,0
0.08448741579640906,-0.1615790205204807,0.38298898474092846,-0.10432598201032757,0.304270903357979,0
-0.787362050873328,0.14837503442419947,0.34233783448962146,0.32819755352060426,0.4799055578893142,0
-0.6718681998852851,-0.06392624309176914,-1.3224579567435701,0.18965365151587507,0.8748945673729898,1
-1.2469570718594878,-0.23958004927372034,0.651136241823657,0.2946092654609966,1.9191488524234055,0
-1.3429171624300587,1.016364194454885,-0.2515388860444957,0.9219254836994843,-1.0458199257592042,0
-1.3038795970953467,0.2450661314461669,-0.49190244750620515,0.543192738146599,0.7963025422165494,0
-2.123506523710626,1.4718971030840888,-1.0150941918278686,1.3936400050999813,-1.3233883548860101,0
-1.0137701292815988,-0.22703375933227748,-0.35141423571373254,0.2242115470781999,1.6390444379174158,0
-1.022047838034078,0.22071018049505567,-1.008554684076208,0.4393589738123858,0.5542917396741975,0
-0.7479905719744432,0.6521589423241765,1.2119439853864005,0.5543323964861351,-0.7926984156709934,0
-0.9437115019988378,0.3366124154901243,0.7682072166317373,0.46870107711394104,0.18739904306040578,0
-1.7319735281935862,1.223975608022664,-0.3574454228104272,1.1478145085669458,-1.1367004782974341,0
-1.3540997699217796,1.0294836235315725,0.638391925608383,0.9318115711750486,-1.0659009365948706,0
-2.260969469224034,1.5364892994204022,-0.9571509148950429,1.469294836027107,-1.334097830851807,0
-0.866303036237468,-0.1636539201483097,-0.9244659881295544,0.20599890721613534,1.3264817690267783,0
0.3321924033442427,-0.21861459150994803,1.8876876573401904,-0.2124911152465835,0.17858796422695167,1
1.7653263025647066,-0.6504318732109018,0.7833905092825955,-0.8866106805986584,-0.29985213109112185,0
-0.4135715091498009,0.5185119491316432,1.0599363840466218,0.3814260532491696,-0.8240246289392533,0
-0.9046776069112206,-0.1358591671753776,-0.5391227031489786,0.2317511030368702,1.2996460921633344,0
-1.3687913618115668,0.07253397249358706,0.5972282182533848,0.4825864384325529,1.2871515794887665,0
1.16597145429833,-0.38310863065252654,-0.07159925185806683,-0.5635344403399548,-0.31160344640211646,0
0.7071447002035272,-0.1282352527362289,1.5337277099164992,-0.2923771137980722,-0.4432812300287454,0
-0.3958558265844815,0.05512468000082914,0.7505791675217656,0.1557662770977285,0.2888400557041414,0
-1.4727526727087605,1.1109183955930075,2.218780233448134,1.009298736120325,-1.1378708925596777,0
-0.10167729153752858,0.31765731935124997,1.9764405845154855,0.1840074155387432,-0.6671003851562324,0
-1.2288934608056508,-0.4917006563319619,0.4632885301181062,0.16907340351432576,2.5156255690613945,0
-1.556594168854173,0.43992595602855433,-0.6967718184295749,0.7183903779798002,0.5907109268195759,0
-1.3847616523662598,0.7390267612300554,-0.9489165208248372,0.8040404235914979,-0.32366258887165866,0
-1.0887787537973592,0.94147969188213,0.591814133741378,0.8031852838635637,-1.134789496439269,0
-0.40881208440233463,0.48225771563492,0.26028050658288615,0.3626664876503063,-0.7405657584709456,0
-3.161225534605195,2.1199481648150873,0.8260471714415063,2.0408867260152785,-1.7961057093275403,0
-0.49979027249384866,0.5636427373798727,0.14338846734225108,0.4310687481257729,-0.8420202409406654,0
-0.644294845582837,0.6866586842955762,-1.2922626951056186,0.5367489628220096,-0.9878958412229506,0
-1.0871640648459655,0.9130853046015368,-1.345870923473215,0.789184564797738,-1.0671639899446084,0
-0.2913027295351923,0.42500297854787583,0.006799844559997769,0.2970262333692151,-0.7264318349971814,0
-0.5326079117115383,0.5655003137209789,0.4384757388097273,0.44269530056690415,-0.811449471178642,0
-1.3718199048932682,1.1089712356743444,1.7495839042054206,0.9753273141029076,-1.2410915124653374,0
-2.4176943924105703,1.6746330566527114,0.5885532697707198,1.5861538165308764,-1.5038497208180903,0
-1.7468448784157165,1.2711567080012687,0.7408243454201259,1.1750693113278423,-1.2360304586075088,0
-1.0323973494662377,-0.40319140639420725,-1.5859833122379583,0.14673053345503217,2.089234088469458,0
-0.9106738391703579,-0.2316090653401509,0.2522403964266774,0.18828478774808322,1.5399285194100503,0
-0.9116519713218493,-0.10194409477215366,-0.742484232538384,0.2501260465910098,1.2242701016789117,0
-2.8355690450895104,1.8772579209201639,0.07595526791608741,1.8191126473871995,-1.551721279744374,0
-0.9875623056567523,0.7658315054672651,0.4826878872092127,0.6867065817080051,-0.814051355223798,0
-0.7065369000981891,-0.3671195390992477,-1.0040545968420103,0.057151479100692015,1.6525279099903576,0
-1.2273075555102226,0.9469077179295416,0.23940450053537707,0.8511179960584135,-0.9998511055985059,0
-0.550385608128519,0.5132747474998705,-1.8665399513606162,0.4237370980016535,-0.6648709402692512,0
-1.0507347049207632,-0.10030268053947589,0.5987943895619102,0.29644352768377796,1.3690498259201611,0
-0.8464480713912488,0.7038742525861784,-0.46440426230938764,0.6111064183358733,-0.8136837904831854,0
-0.6137847096401697,0.650574135450134,1.8005111815108537,0.5096385664708653,-0.9323991906851191,0
-0.5663508125107564,0.6947643267743135,0.8823330623234091,0.5150742142052032,-1.0910772431848685,0
-0.21730425574735168,0.37607012601537393,1.114321694668872,0.24958079350282533,-0.6860766332166293,0
-3.3158498788871755,2.1909562748697695,3.109918556005361,2.1252046720085946,-1.8041269258448707,0
-1.9292554163582496,0.5289783592809917,0.5107920885275947,0.8826596366643076,0.771869758871693,0
1.2040470153973544,-0.9754516574593894,-1.3683150388328105,-0.8570449841045958,1.094453079808394,1
-1.3875373328104015,1.1091770316868987,1.4872461553359273,0.9805711820116205,-1.2247798713386984,0
-0.15269260612583535,0.6306582761717345,0.547264797377967,0.3492177412490036,-1.377025180063815,1
-3.0058804312860676,1.9550980238998459,1.804348109786743,1.9118083855781354,-1.5596477515544054,0
3.144708677403484,-1.0401294988300163,1.2446795807367868,-1.5231466923750023,-0.8236662112729324,1
-0.15017379139200393,-0.5150174329064219,-1.097302527632844,-0.19518564221224485,1.4185765326300595,0
-1.2642631908434614,0.5386493747220531,1.9870611116994412,0.6695153275143503,0.03684862407304401,0
1.5533469524255086,-0.550754898800714,1.4015985929464294,-0.7699112020449395,-0.3165390122619207,0
-0.9125762202811044,0.5107359014900048,0.6791427754381955,0.5411215504928283,-0.271203156113093,0
-0.5623356479357657,-0.6418055606822597,-0.20298063739565708,-0.12039098704341261,2.169179957115981,0
-1.1977157502982054,0.19635539941448837,-0.7095798547491726,0.4853210473510746,0.8017051305505751,0
-1.4125086648136473,0.5805412259312274,-2.9911359709007233,0.737930158423094,0.09311941715837746,0
-1.4455341032849864,-0.1570826738397465,-0.9958153947902291,0.3987694820251613,1.9300852707145257,0
1.5738070476777049,-1.3897532912360782,1.223083067095325,-1.1746824616592089,1.7108144585766532,1
0.6860835334900095,-0.04031242623670461,0.9262154022415924,-0.24376526294376216,-0.6355005034267469,0
-1.122211228744331,0.35905430038545083,-0.4853058353678683,0.5377935501188388,0.3235416932319657,0
-0.6165924279317126,0.025069078230694875,1.5628887685081978,0.2137799955443016,0.5983915013567553,0
-1.049150931886449,-0.2892612860302994,1.4313667818311835,0.20627143988343483,1.8288841806481393,1
0.19519178363021283,0.18585383253176901,-0.9564363768180087,0.024270422273937442,-0.6627588596821672,0
-0.2003068731378137,-0.1552254020972868,1.80930634973311,-0.0080636296024304,0.5934214170393153,0
1.1009691295163648,-0.3303451918083612,-0.14778031881747153,-0.5172170695714804,-0.370938760010867,0
3.379047234342914,-3.0806545443443465,1.2723535001067678,-2.5680241589072788,3.9095943598416003,1
-2.436364680561467,1.608832325926059,0.7441919714999368,1.5610469789859422,-1.3231591647033516,0
-0.6196776371769573,0.6985469353283098,-1.46752526575244,0.5343292704277559,-1.043267883444262,0
-0.6447783965400544,-0.26217635645805626,-0.15083771156669531,0.08672187803680553,1.3301372840786625,0
-0.8441793142707129,0.02654604807714739,0.7318707042882956,0.28899762708421284,0.8382534416414851,0
-1.6887001348102484,1.2625253031571173,0.6863184569567008,1.1519361985936905,-1.277150849184777,0
-2.886585034212631,1.9903200393561469,1.1254347844147694,1.8894599732351403,-1.773297639402676,0
-0.875545279812413,0.24989433243355638,1.205994516546816,0.4052376167774693,0.3262833875408544,0
1.7423097016487277,-1.4909265211930465,-1.28716356858425,-1.2778566451884663,1.777666712326381,1
0.9254213345020132,-0.21679403048861282,-0.22859991534001858,-0.4058633064207804,-0.46048713364393645,0
-0.8043405186551533,0.49716453425294,-0.9263811299815384,0.4992437547417408,-0.3538443994512104,0
-1.4804533775238446,0.005606177456544348,-0.20447122098612153,0.48739235454344276,1.5700762845870195,0
-0.6365245370389123,0.6103543794338429,-1.3631740045928105,0.49800136395121763,-0.8098362555279283,0
-1.424618278150383,1.0385180919376675,-0.9811655311396816,0.9591873599684646,-1.0125277344474117,0
-0.9306014814648074,0.006773419932576963,-1.3192471945987674,0.30791276810433366,0.9790010818077348,0
-1.3235679533164233,1.0097963539998063,0.8294748419317485,0.9124739488878475,-1.0504775967041216,0
-0.9613896346388332,0.9071143904922354,0.2965755451407618,0.7451703302432591,-1.1871319279200092,0
-0.27915569384717576,-0.8026911218469703,-0.1755639454992155,-0.28944418195406496,2.2591984667695235,0
0.09212541726093182,0.24545779863532274,-0.47622087354465903,0.08629634789891272,-0.6980816575632365,0
-0.6064320733207679,-0.20347560379165758,-2.205566057099069,0.10201769224157947,1.1457391613532035,0
-1.1133054792645078,0.894781657755602,1.0519476177229186,0.7890594588104478,-0.9944918611951249,0
0.8909302776155639,-0.21303372073176224,1.1210306673244714,-0.3927860676829704,-0.43277356274156986,0
-0.04317979750092438,0.3374859915327879,-0.387099702474401,0.17426200691876653,-0.7781114689073793,0
-1.2472171113368977,-0.2288696097005779,2.0565435648295414,0.29977609599493343,1.8932669458344988,0
-1.4068703035145278,1.0332025775059324,-0.6067002947652967,0.9508542840459244,-1.0185312142426044,0
-1.0283122126466797,-0.6446818918080186,0.3496500472996937,0.030815106412012905,2.674700872557879,0
-0.9931394951474335,0.2265639201834499,0.33385996656853467,0.4326711297418,0.5090683054359032,0
-0.033445278955312796,0.3214916805650481,-0.18039168176240783,0.16348603516438892,-0.7494594544842438,0
-0.18840753825423762,0.07705765673782504,0.2700573583914221,0.0982495692039245,0.013343664075324835,1
-0.9713437735309118,0.00444766975559252,0.9242701395378298,0.32014919709656114,1.0282672539291131,0
-1.7440512321746802,1.319327363516099,0.5720574417141441,1.1970097180621528,-1.3566751917427973,0
-0.9480480249839268,-0.3293868625683413,0.5348173363459102,0.15413013337661197,1.8187317772205756,0
-0.721329856689106,0.6996656809307977,-0.04282338131157488,0.5681432060354568,-0.9372542137471491,0
-2.988099355961655,1.918755780178417,0.6222071440434019,1.88874349263617,-1.4899043056225565,0
-1.2916190122434221,0.16084539778933543,-1.0138959522925377,0.49921888745251214,0.9888942527076575,0
-1.6487431846039207,1.155507431586303,-1.2575778589146163,1.0880776017727516,-1.058506662415183,0
-1.3880916258806657,0.32864559430124424,-1.6394841625254342,0.6104207889488173,0.6822498221086128,0
-1.9487970592680672,1.4297613543169372,-0.8627757640431206,1.3164445716732978,-1.4073742560167528,0
-1.1958989416715045,0.35991901770036205,-0.8798143535020543,0.5623307751564381,0.4002597669054947,0
-1.2237208569047195,0.14257261469598387,-1.0896330373423884,0.4683178369922355,0.9608887188257084,0
-0.8849737125186661,-0.5580304712513825,-1.92767257934561,0.024995719493993485,2.3097144172780517,0
-0.9914380184957665,0.21661246021098246,-0.20149153394751798,0.4273924478857478,0.5315543850778757,0
-1.0482407877638804,0.7191675722084918,0.48387665118803974,0.6844338028614504,-0.635162343433245,0
-0.7296703923558974,0.01928688553328206,0.08382662792936094,0.24806073959204278,0.7334837224118937,0
-0.8287707119700237,-0.278399573920189,0.32950873557300914,0.13926765254577406,1.5665947842835384,0
-0.2168255019697405,0.14128438849239522,0.543479378670093,0.1380273169463888,-0.11312803812045891,1
-1.9878947646395455,1.409751148719584,0.24395319790850026,1.3197519395295325,-1.3166734148825288,0
-1.0658856549973748,0.5108381152304114,1.4769344261182744,0.5913668701812953,-0.10744442174655466,0
-0.06958647894233594,0.34045082976556945,-1.4438548161335418,0.18431482599238086,-0.7571035274440437,0
-0.48337637932057875,0.5328711866925562,-0.6414869090443096,0.411094577865205,-0.7844205387261491,0
-1.3398820467032777,0.9493106854911929,-1.9701038177118355,0.8891174330255772,-0.8852896287436569,0
-0.42816621654337683,0.3245825708962345,0.885231482988991,0.2941927109044845,-0.3347417111244888,0
-1.6463199944173785,0.43896354289314776,0.3721054726068629,0.7473119253114404,0.689049099266055,0
-0.8482737539697396,-0.10141077840327012,1.6999573745763805,0.22962768601574207,1.1551663119650497,0
-1.2937932119284823,0.11573997022152616,0.08568716140335904,0.4785299922471744,1.101389535358578,0
-0.4207467720425684,0.4247088942878634,0.6021183203924835,0.33926947969236376,-0.587236027017144,1
-1.0711881345472978,-0.07067837552736433,-0.8330560570007587,0.3171960059504912,1.3185736968908746,0
-0.888331509731376,0.82273064731072,-0.6947131310890582,0.6812127088935581,-1.0591824670679388,0
-2.0503206288359164,1.4177674133816924,0.8743891807127275,1.343994923548731,-1.2694706675809466,0
-1.3509562705085476,-0.3001765802185644,-0.5312142946075985,0.2999101487512613,2.1784119572158867,0
-0.11533798156987218,0.30814851549632344,1.673452090298537,0.18396866231258183,-0.6292612454918378,0
1.0269387108558683,-0.6708391613721514,0.30381859560487573,-0.6545290866777521,0.5399095786887405,1
-1.9003686658627372,1.3799197072797518,-0.04347694981386243,1.2769401411799093,-1.337444805641844,0
-0.812080630970504,0.07496834993755719,1.0213832954293984,0.3014623275830869,0.6856439278887565,0
-0.24023548274274842,0.424003326812185,0.08531814256502405,0.27983141681610985,-0.7786212601200204,0
-0.21663964811063519,0.36637834718193996,-0.5441140021141926,0.24476481360198082,-0.6631155923386058,0
-0.9395025878168852,0.8441547633174742,0.26256132900192497,0.7081321378363908,-1.0567684224389802,0
-0.7179118670089069,-0.6063579722265946,1.8486088332964115,-0.052633464332887014,2.2490331019416354,0
-0.5611316002376552,0.34537118501248676,0.21471318317052634,0.3475918427796852,-0.24327300436016874,0
-4.154350476173738,2.6030336606421596,-0.649373038321426,2.5952626246074346,-1.9136032020629863,0
-1.6587103622990578,1.1675530751246228,0.6045153263553668,1.0970562616846662,-1.0772652182403666,0
-1.0676394487710172,0.8997325938688359,1.2361307218062179,0.7764564402770247,-1.0554373616464363,0
-1.5598032778972017,0.5682598889401949,-0.12545426000290022,0.7803305811666531,0.28069021860806276,0
-1.3127087245042548,-0.03982924564313706,0.2531652380379812,0.410911783509184,1.5016006526012178,0
-2.3674192812335084,1.6659585620931832,-0.8318222082304447,1.5655769471848862,-1.536446037505208,0
-1.549084399085856,1.096667844798454,0.1733416643704082,1.0275300601105983,-1.0214054653509599,0
-2.801425122241986,1.8649978478190519,-1.3659557112005343,1.8021162599420406,-1.5583029425567276,0
-0.6279555942125254,-0.03464610171625698,-0.5262478565174211,0.1891680060420149,0.7564011263455511,0
-1.0092444833842507,-0.22000290803285227,-0.3212427661179117,0.2260656189021949,1.6170302099029163,0
-2.195401948423043,1.5107581520592654,1.1401490385212665,1.4356181812560143,-1.3413931363903182,0
-1.6479558910919436,0.17083001719155788,0.8333339117803071,0.620628599509768,1.3457114083151394,0
-0.9308076947076896,-0.26035086726395706,-1.3671378064602457,0.1812401775494608,1.631668884161841,0
-0.33829148167801115,0.06666079674328694,0.7903718960517113,0.1423919058908461,0.19908168887326094,1
-0.7663503145845871,0.7683690274356922,1.0391117874202687,0.6154809492881601,-1.0568988555646295,0
-2.847456832842845,1.84100159109514,-1.2391070756539009,1.805802744421194,-1.4504483229659255,0
-1.5083341853054377,1.1332029957633416,-0.234407800316322,1.0315220706470698,-1.1542360774048621,0
0.8869246699267097,-0.22294581420039036,-1.308820399119112,-0.396177448869196,-0.4042782724511623,0
-2.7471039186784223,1.850430213031132,-0.19382613877280352,1.777418546107792,-1.5808338053951378,0
